"rgn_id","year","gapfill_within_rgn","gapfill_territory"
1,1996,0,"territory"
1,1998,0,"territory"
1,2000,0,"territory"
1,2002,0,"territory"
1,2003,0,"territory"
1,2004,0,"territory"
1,2005,0,"territory"
1,2006,0,"territory"
1,2007,0,"territory"
1,2008,0,"territory"
1,2009,0,"territory"
1,2010,0,"territory"
1,2011,0,"territory"
1,2012,0,"territory"
1,2013,0,"territory"
1,2014,0,"territory"
1,2015,0,"territory"
2,1996,0,"territory"
2,1998,0,"territory"
2,2000,0,"territory"
2,2002,0,"territory"
2,2003,0,"territory"
2,2004,0,"territory"
2,2005,0,"territory"
2,2006,0,"territory"
2,2007,0,"territory"
2,2008,0,"territory"
2,2009,0,"territory"
2,2010,0,"territory"
2,2011,0,"territory"
2,2012,0,"territory"
2,2013,0,"territory"
2,2014,0,"territory"
2,2015,0,"territory"
3,1996,0,"territory"
3,1998,0,"territory"
3,2000,0,"territory"
3,2002,0,"territory"
3,2003,0,"territory"
3,2004,0,"territory"
3,2005,0,"territory"
3,2006,0,"territory"
3,2007,0,"territory"
3,2008,0,"territory"
3,2009,0,"territory"
3,2010,0,"territory"
3,2011,0,"territory"
3,2012,0,"territory"
3,2013,0,"territory"
3,2014,0,"territory"
3,2015,0,"territory"
4,1996,0,"territory"
4,1998,0,"territory"
4,2000,0,"territory"
4,2002,0,"territory"
4,2003,0,"territory"
4,2004,0,"territory"
4,2005,0,"territory"
4,2006,0,"territory"
4,2007,0,"territory"
4,2008,0,"territory"
4,2009,0,"territory"
4,2010,0,"territory"
4,2011,0,"territory"
4,2012,0,"territory"
4,2013,0,"territory"
4,2014,0,"territory"
4,2015,0,"territory"
5,1996,1.5,"territory"
5,1998,1.5,"territory"
5,2000,1.5,"territory"
5,2002,1.5,"territory"
5,2003,1.5,"territory"
5,2004,0,"territory"
5,2005,0,"territory"
5,2006,0,"territory"
5,2007,0,"territory"
5,2008,0,"territory"
5,2009,0,"territory"
5,2010,0,"territory"
5,2011,0,"territory"
5,2012,0,"territory"
5,2013,0,"territory"
5,2014,0.5,"territory"
5,2015,0.5,"territory"
6,1996,3,"NA"
6,1998,0,"NA"
6,2000,0,"NA"
6,2002,0,"NA"
6,2003,0,"NA"
6,2004,0,"NA"
6,2005,0,"NA"
6,2006,0,"NA"
6,2007,0,"NA"
6,2008,0,"NA"
6,2009,0,"NA"
6,2010,0,"NA"
6,2011,0,"NA"
6,2012,0,"NA"
6,2013,0,"NA"
6,2014,0,"NA"
6,2015,0,"NA"
7,1996,3,"NA"
7,1998,0,"NA"
7,2000,0,"NA"
7,2002,0,"NA"
7,2003,0,"NA"
7,2004,0,"NA"
7,2005,0,"NA"
7,2006,0,"NA"
7,2007,0,"NA"
7,2008,0,"NA"
7,2009,0,"NA"
7,2010,0,"NA"
7,2011,0,"NA"
7,2012,0,"NA"
7,2013,0,"NA"
7,2014,0,"NA"
7,2015,0,"NA"
8,1996,4,"NA"
8,1998,4,"NA"
8,2000,4,"NA"
8,2002,4,"NA"
8,2003,3,"NA"
8,2004,3,"NA"
8,2005,3,"NA"
8,2006,3,"NA"
8,2007,3,"NA"
8,2008,0,"NA"
8,2009,0,"NA"
8,2010,0,"NA"
8,2011,0,"NA"
8,2012,0,"NA"
8,2013,0,"NA"
8,2014,0,"NA"
8,2015,0,"NA"
9,1996,4,"NA"
9,1998,1,"NA"
9,2000,1,"NA"
9,2002,1,"NA"
9,2003,0,"NA"
9,2004,0,"NA"
9,2005,0,"NA"
9,2006,0,"NA"
9,2007,0,"NA"
9,2008,0,"NA"
9,2009,0,"NA"
9,2010,0,"NA"
9,2011,0,"NA"
9,2012,0,"NA"
9,2013,0,"NA"
9,2014,0,"NA"
9,2015,0,"NA"
10,1996,4,"NA"
10,1998,4,"NA"
10,2000,4,"NA"
10,2002,4,"NA"
10,2003,3,"NA"
10,2004,3,"NA"
10,2005,3,"NA"
10,2006,3,"NA"
10,2007,0,"NA"
10,2008,0,"NA"
10,2009,0,"NA"
10,2010,0,"NA"
10,2011,0,"NA"
10,2012,0,"NA"
10,2013,0,"NA"
10,2014,0,"NA"
10,2015,0,"NA"
11,1996,4,"NA"
11,1998,1,"NA"
11,2000,1,"NA"
11,2002,1,"NA"
11,2003,0,"NA"
11,2004,0,"NA"
11,2005,0,"NA"
11,2006,0,"NA"
11,2007,0,"NA"
11,2008,0,"NA"
11,2009,0,"NA"
11,2010,0,"NA"
11,2011,0,"NA"
11,2012,0,"NA"
11,2013,0,"NA"
11,2014,0,"NA"
11,2015,0,"NA"
12,1996,3.04164911797263,"territory"
12,1998,3.04164911797263,"territory"
12,2000,3.04164911797263,"territory"
12,2002,3.04164911797263,"territory"
12,2003,3.04164911797263,"territory"
12,2004,0,"territory"
12,2005,0,"territory"
12,2006,0,"territory"
12,2007,0,"territory"
12,2008,0,"territory"
12,2009,0,"territory"
12,2010,0,"territory"
12,2011,0,"territory"
12,2012,0,"territory"
12,2013,0,"territory"
12,2014,0.506941519662105,"territory"
12,2015,0.506941519662105,"territory"
13,1996,3.04164911797263,"NA"
13,1998,3.04164911797263,"NA"
13,2000,3.04164911797263,"NA"
13,2002,3.04164911797263,"NA"
13,2003,3.04164911797263,"NA"
13,2004,0,"NA"
13,2005,0,"NA"
13,2006,0,"NA"
13,2007,0,"NA"
13,2008,0,"NA"
13,2009,0,"NA"
13,2010,0,"NA"
13,2011,0,"NA"
13,2012,0,"NA"
13,2013,0,"NA"
13,2014,0.506941519662105,"NA"
13,2015,0.506941519662105,"NA"
14,1996,0,"NA"
14,1998,0,"NA"
14,2000,0,"NA"
14,2002,0,"NA"
14,2003,0,"NA"
14,2004,0,"NA"
14,2005,0,"NA"
14,2006,0,"NA"
14,2007,0,"NA"
14,2008,0,"NA"
14,2009,0,"NA"
14,2010,0,"NA"
14,2011,0,"NA"
14,2012,0,"NA"
14,2013,0,"NA"
14,2014,0,"NA"
14,2015,0,"NA"
15,1996,0,"NA"
15,1998,0,"NA"
15,2000,0,"NA"
15,2002,0,"NA"
15,2003,0,"NA"
15,2004,0,"NA"
15,2005,0,"NA"
15,2006,0,"NA"
15,2007,0,"NA"
15,2008,0,"NA"
15,2009,0,"NA"
15,2010,0,"NA"
15,2011,0,"NA"
15,2012,0,"NA"
15,2013,0,"NA"
15,2014,0,"NA"
15,2015,0,"NA"
16,1996,0,"NA"
16,1998,0,"NA"
16,2000,0,"NA"
16,2002,0,"NA"
16,2003,0,"NA"
16,2004,0,"NA"
16,2005,0,"NA"
16,2006,0,"NA"
16,2007,0,"NA"
16,2008,0,"NA"
16,2009,0,"NA"
16,2010,0,"NA"
16,2011,0,"NA"
16,2012,0,"NA"
16,2013,0,"NA"
16,2014,0,"NA"
16,2015,0,"NA"
17,1996,0,"NA"
17,1998,0,"NA"
17,2000,0,"NA"
17,2002,0,"NA"
17,2003,0,"NA"
17,2004,0,"NA"
17,2005,0,"NA"
17,2006,0,"NA"
17,2007,0,"NA"
17,2008,0,"NA"
17,2009,0,"NA"
17,2010,0,"NA"
17,2011,0,"NA"
17,2012,0,"NA"
17,2013,0,"NA"
17,2014,0,"NA"
17,2015,0,"NA"
18,1996,0,"NA"
18,1998,0,"NA"
18,2000,0,"NA"
18,2002,0,"NA"
18,2003,0,"NA"
18,2004,0,"NA"
18,2005,0,"NA"
18,2006,0,"NA"
18,2007,0,"NA"
18,2008,0,"NA"
18,2009,0,"NA"
18,2010,0,"NA"
18,2011,0,"NA"
18,2012,0,"NA"
18,2013,0,"NA"
18,2014,0,"NA"
18,2015,0,"NA"
19,1996,4,"NA"
19,1998,4,"NA"
19,2000,1,"NA"
19,2002,1,"NA"
19,2003,0,"NA"
19,2004,0,"NA"
19,2005,0,"NA"
19,2006,0,"NA"
19,2007,0,"NA"
19,2008,0,"NA"
19,2009,0,"NA"
19,2010,0,"NA"
19,2011,0,"NA"
19,2012,0,"NA"
19,2013,0,"NA"
19,2014,0,"NA"
19,2015,0,"NA"
20,1996,0,"NA"
20,1998,0,"NA"
20,2000,0,"NA"
20,2002,0,"NA"
20,2003,0,"NA"
20,2004,0,"NA"
20,2005,0,"NA"
20,2006,0,"NA"
20,2007,0,"NA"
20,2008,0,"NA"
20,2009,0,"NA"
20,2010,0,"NA"
20,2011,0,"NA"
20,2012,0,"NA"
20,2013,0,"NA"
20,2014,0,"NA"
20,2015,0,"NA"
21,1996,0,"NA"
21,1998,0,"NA"
21,2000,0,"NA"
21,2002,0,"NA"
21,2003,0,"NA"
21,2004,0,"NA"
21,2005,0,"NA"
21,2006,0,"NA"
21,2007,0,"NA"
21,2008,0,"NA"
21,2009,0,"NA"
21,2010,0,"NA"
21,2011,0,"NA"
21,2012,0,"NA"
21,2013,0,"NA"
21,2014,0,"NA"
21,2015,0,"NA"
24,1996,0,"NA"
24,1998,0,"NA"
24,2000,0,"NA"
24,2002,0,"NA"
24,2003,0,"NA"
24,2004,0,"NA"
24,2005,0,"NA"
24,2006,0,"NA"
24,2007,0,"NA"
24,2008,0,"NA"
24,2009,0,"NA"
24,2010,0,"NA"
24,2011,0,"NA"
24,2012,0,"NA"
24,2013,0,"NA"
24,2014,0,"NA"
24,2015,0,"NA"
25,1996,0,"NA"
25,1998,0,"NA"
25,2000,0,"NA"
25,2002,0,"NA"
25,2003,0,"NA"
25,2004,0,"NA"
25,2005,0,"NA"
25,2006,0,"NA"
25,2007,0,"NA"
25,2008,0,"NA"
25,2009,0,"NA"
25,2010,0,"NA"
25,2011,0,"NA"
25,2012,0,"NA"
25,2013,0,"NA"
25,2014,0,"NA"
25,2015,0,"NA"
26,1996,0,"territory"
26,1998,0,"territory"
26,2000,0,"territory"
26,2002,0,"territory"
26,2003,0,"territory"
26,2004,0,"territory"
26,2005,0,"territory"
26,2006,0,"territory"
26,2007,0,"territory"
26,2008,0,"territory"
26,2009,0,"territory"
26,2010,0,"territory"
26,2011,0,"territory"
26,2012,0,"territory"
26,2013,0,"territory"
26,2014,0,"territory"
26,2015,0,"territory"
28,1996,0,"NA"
28,1998,0,"NA"
28,2000,0,"NA"
28,2002,0,"NA"
28,2003,0,"NA"
28,2004,0,"NA"
28,2005,0,"NA"
28,2006,0,"NA"
28,2007,0,"NA"
28,2008,0,"NA"
28,2009,0,"NA"
28,2010,0,"NA"
28,2011,0,"NA"
28,2012,0,"NA"
28,2013,0,"NA"
28,2014,0,"NA"
28,2015,0,"NA"
29,1996,1.5,"territory"
29,1998,1.5,"territory"
29,2000,1.5,"territory"
29,2002,1.5,"territory"
29,2003,1.5,"territory"
29,2004,0,"territory"
29,2005,0,"territory"
29,2006,0,"territory"
29,2007,0,"territory"
29,2008,0,"territory"
29,2009,0,"territory"
29,2010,0,"territory"
29,2011,0,"territory"
29,2012,0,"territory"
29,2013,0,"territory"
29,2014,0.5,"territory"
29,2015,0.5,"territory"
30,1996,1.5,"territory"
30,1998,1.5,"territory"
30,2000,1.5,"territory"
30,2002,1.5,"territory"
30,2003,1.5,"territory"
30,2004,0,"territory"
30,2005,0,"territory"
30,2006,0,"territory"
30,2007,0,"territory"
30,2008,0,"territory"
30,2009,0,"territory"
30,2010,0,"territory"
30,2011,0,"territory"
30,2012,0,"territory"
30,2013,0,"territory"
30,2014,0.5,"territory"
30,2015,0.5,"territory"
31,1996,0,"NA"
31,1998,0,"NA"
31,2000,0,"NA"
31,2002,0,"NA"
31,2003,0,"NA"
31,2004,0,"NA"
31,2005,0,"NA"
31,2006,0,"NA"
31,2007,0,"NA"
31,2008,0,"NA"
31,2009,0,"NA"
31,2010,0,"NA"
31,2011,0,"NA"
31,2012,0,"NA"
31,2013,0,"NA"
31,2014,0,"NA"
31,2015,0,"NA"
32,1996,1.5,"NA"
32,1998,1.5,"NA"
32,2000,1.5,"NA"
32,2002,1.5,"NA"
32,2003,1.5,"NA"
32,2004,0,"NA"
32,2005,0,"NA"
32,2006,0,"NA"
32,2007,0,"NA"
32,2008,0,"NA"
32,2009,0,"NA"
32,2010,0,"NA"
32,2011,0,"NA"
32,2012,0,"NA"
32,2013,0,"NA"
32,2014,0.5,"NA"
32,2015,0.5,"NA"
33,1996,1.5,"territory"
33,1998,1.5,"territory"
33,2000,1.5,"territory"
33,2002,1.5,"territory"
33,2003,1.5,"territory"
33,2004,0,"territory"
33,2005,0,"territory"
33,2006,0,"territory"
33,2007,0,"territory"
33,2008,0,"territory"
33,2009,0,"territory"
33,2010,0,"territory"
33,2011,0,"territory"
33,2012,0,"territory"
33,2013,0,"territory"
33,2014,0.5,"territory"
33,2015,0.5,"territory"
34,1996,1.5,"territory"
34,1998,1.5,"territory"
34,2000,1.5,"territory"
34,2002,1.5,"territory"
34,2003,1.5,"territory"
34,2004,0,"territory"
34,2005,0,"territory"
34,2006,0,"territory"
34,2007,0,"territory"
34,2008,0,"territory"
34,2009,0,"territory"
34,2010,0,"territory"
34,2011,0,"territory"
34,2012,0,"territory"
34,2013,0,"territory"
34,2014,0.5,"territory"
34,2015,0.5,"territory"
35,1996,1.5,"territory"
35,1998,1.5,"territory"
35,2000,1.5,"territory"
35,2002,1.5,"territory"
35,2003,1.5,"territory"
35,2004,0,"territory"
35,2005,0,"territory"
35,2006,0,"territory"
35,2007,0,"territory"
35,2008,0,"territory"
35,2009,0,"territory"
35,2010,0,"territory"
35,2011,0,"territory"
35,2012,0,"territory"
35,2013,0,"territory"
35,2014,0.5,"territory"
35,2015,0.5,"territory"
36,1996,1.5,"territory"
36,1998,1.5,"territory"
36,2000,1.5,"territory"
36,2002,1.5,"territory"
36,2003,1.5,"territory"
36,2004,0,"territory"
36,2005,0,"territory"
36,2006,0,"territory"
36,2007,0,"territory"
36,2008,0,"territory"
36,2009,0,"territory"
36,2010,0,"territory"
36,2011,0,"territory"
36,2012,0,"territory"
36,2013,0,"territory"
36,2014,0.5,"territory"
36,2015,0.5,"territory"
37,1996,0,"NA"
37,1998,0,"NA"
37,2000,0,"NA"
37,2002,0,"NA"
37,2003,0,"NA"
37,2004,0,"NA"
37,2005,0,"NA"
37,2006,0,"NA"
37,2007,0,"NA"
37,2008,0,"NA"
37,2009,0,"NA"
37,2010,0,"NA"
37,2011,0,"NA"
37,2012,0,"NA"
37,2013,0,"NA"
37,2014,0,"NA"
37,2015,0,"NA"
38,1996,3,"territory"
38,1998,3,"territory"
38,2000,3,"territory"
38,2002,3,"territory"
38,2003,3,"territory"
38,2004,2,"territory"
38,2005,2,"territory"
38,2006,2,"territory"
38,2007,2,"territory"
38,2008,2,"territory"
38,2009,2,"territory"
38,2010,2,"territory"
38,2011,0,"territory"
38,2012,0,"territory"
38,2013,0,"territory"
38,2014,0.333333333333333,"territory"
38,2015,0.333333333333333,"territory"
39,1996,0,"NA"
39,1998,0,"NA"
39,2000,0,"NA"
39,2002,0,"NA"
39,2003,0,"NA"
39,2004,0,"NA"
39,2005,0,"NA"
39,2006,0,"NA"
39,2007,0,"NA"
39,2008,0,"NA"
39,2009,0,"NA"
39,2010,0,"NA"
39,2011,0,"NA"
39,2012,0,"NA"
39,2013,0,"NA"
39,2014,0,"NA"
39,2015,0,"NA"
40,1996,0,"NA"
40,1998,0,"NA"
40,2000,0,"NA"
40,2002,0,"NA"
40,2003,0,"NA"
40,2004,0,"NA"
40,2005,0,"NA"
40,2006,0,"NA"
40,2007,0,"NA"
40,2008,0,"NA"
40,2009,0,"NA"
40,2010,0,"NA"
40,2011,0,"NA"
40,2012,0,"NA"
40,2013,0,"NA"
40,2014,0,"NA"
40,2015,0,"NA"
41,1996,0,"NA"
41,1998,0,"NA"
41,2000,0,"NA"
41,2002,0,"NA"
41,2003,0,"NA"
41,2004,0,"NA"
41,2005,0,"NA"
41,2006,0,"NA"
41,2007,0,"NA"
41,2008,0,"NA"
41,2009,0,"NA"
41,2010,0,"NA"
41,2011,0,"NA"
41,2012,0,"NA"
41,2013,0,"NA"
41,2014,0,"NA"
41,2015,0,"NA"
42,1996,0,"NA"
42,1998,0,"NA"
42,2000,0,"NA"
42,2002,0,"NA"
42,2003,0,"NA"
42,2004,0,"NA"
42,2005,0,"NA"
42,2006,0,"NA"
42,2007,0,"NA"
42,2008,0,"NA"
42,2009,0,"NA"
42,2010,0,"NA"
42,2011,0,"NA"
42,2012,0,"NA"
42,2013,0,"NA"
42,2014,0,"NA"
42,2015,0,"NA"
43,1996,0,"NA"
43,1998,0,"NA"
43,2000,0,"NA"
43,2002,0,"NA"
43,2003,0,"NA"
43,2004,0,"NA"
43,2005,0,"NA"
43,2006,0,"NA"
43,2007,0,"NA"
43,2008,0,"NA"
43,2009,0,"NA"
43,2010,0,"NA"
43,2011,0,"NA"
43,2012,0,"NA"
43,2013,0,"NA"
43,2014,0,"NA"
43,2015,0,"NA"
44,1996,0,"NA"
44,1998,0,"NA"
44,2000,0,"NA"
44,2002,0,"NA"
44,2003,0,"NA"
44,2004,0,"NA"
44,2005,0,"NA"
44,2006,0,"NA"
44,2007,0,"NA"
44,2008,0,"NA"
44,2009,0,"NA"
44,2010,0,"NA"
44,2011,0,"NA"
44,2012,0,"NA"
44,2013,0,"NA"
44,2014,0,"NA"
44,2015,0,"NA"
45,1996,0,"NA"
45,1998,0,"NA"
45,2000,0,"NA"
45,2002,0,"NA"
45,2003,0,"NA"
45,2004,0,"NA"
45,2005,0,"NA"
45,2006,0,"NA"
45,2007,0,"NA"
45,2008,0,"NA"
45,2009,0,"NA"
45,2010,0,"NA"
45,2011,0,"NA"
45,2012,0,"NA"
45,2013,0,"NA"
45,2014,0,"NA"
45,2015,0,"NA"
46,1996,0,"NA"
46,1998,0,"NA"
46,2000,0,"NA"
46,2002,0,"NA"
46,2003,0,"NA"
46,2004,0,"NA"
46,2005,0,"NA"
46,2006,0,"NA"
46,2007,0,"NA"
46,2008,0,"NA"
46,2009,0,"NA"
46,2010,0,"NA"
46,2011,0,"NA"
46,2012,0,"NA"
46,2013,0,"NA"
46,2014,0,"NA"
46,2015,0,"NA"
47,1996,0,"NA"
47,1998,0,"NA"
47,2000,0,"NA"
47,2002,0,"NA"
47,2003,0,"NA"
47,2004,0,"NA"
47,2005,0,"NA"
47,2006,0,"NA"
47,2007,0,"NA"
47,2008,0,"NA"
47,2009,0,"NA"
47,2010,0,"NA"
47,2011,0,"NA"
47,2012,0,"NA"
47,2013,0,"NA"
47,2014,0,"NA"
47,2015,0,"NA"
48,1996,0,"NA"
48,1998,0,"NA"
48,2000,0,"NA"
48,2002,0,"NA"
48,2003,0,"NA"
48,2004,0,"NA"
48,2005,0,"NA"
48,2006,0,"NA"
48,2007,0,"NA"
48,2008,0,"NA"
48,2009,0,"NA"
48,2010,0,"NA"
48,2011,0,"NA"
48,2012,0,"NA"
48,2013,0,"NA"
48,2014,0,"NA"
48,2015,0,"NA"
49,1996,0,"NA"
49,1998,0,"NA"
49,2000,0,"NA"
49,2002,0,"NA"
49,2003,0,"NA"
49,2004,0,"NA"
49,2005,0,"NA"
49,2006,0,"NA"
49,2007,0,"NA"
49,2008,0,"NA"
49,2009,0,"NA"
49,2010,0,"NA"
49,2011,0,"NA"
49,2012,0,"NA"
49,2013,0,"NA"
49,2014,0,"NA"
49,2015,0,"NA"
50,1996,0,"NA"
50,1998,0,"NA"
50,2000,0,"NA"
50,2002,0,"NA"
50,2003,0,"NA"
50,2004,0,"NA"
50,2005,0,"NA"
50,2006,0,"NA"
50,2007,0,"NA"
50,2008,0,"NA"
50,2009,0,"NA"
50,2010,0,"NA"
50,2011,0,"NA"
50,2012,0,"NA"
50,2013,0,"NA"
50,2014,0,"NA"
50,2015,0,"NA"
51,1996,0,"NA"
51,1998,0,"NA"
51,2000,0,"NA"
51,2002,0,"NA"
51,2003,0,"NA"
51,2004,0,"NA"
51,2005,0,"NA"
51,2006,0,"NA"
51,2007,0,"NA"
51,2008,0,"NA"
51,2009,0,"NA"
51,2010,0,"NA"
51,2011,0,"NA"
51,2012,0,"NA"
51,2013,0,"NA"
51,2014,0,"NA"
51,2015,0,"NA"
52,1996,0,"NA"
52,1998,0,"NA"
52,2000,0,"NA"
52,2002,0,"NA"
52,2003,0,"NA"
52,2004,0,"NA"
52,2005,0,"NA"
52,2006,0,"NA"
52,2007,0,"NA"
52,2008,0,"NA"
52,2009,0,"NA"
52,2010,0,"NA"
52,2011,0,"NA"
52,2012,0,"NA"
52,2013,0,"NA"
52,2014,0,"NA"
52,2015,0,"NA"
53,1996,0,"NA"
53,1998,0,"NA"
53,2000,0,"NA"
53,2002,0,"NA"
53,2003,0,"NA"
53,2004,0,"NA"
53,2005,0,"NA"
53,2006,0,"NA"
53,2007,0,"NA"
53,2008,0,"NA"
53,2009,0,"NA"
53,2010,0,"NA"
53,2011,0,"NA"
53,2012,0,"NA"
53,2013,0,"NA"
53,2014,0,"NA"
53,2015,0,"NA"
54,1996,0,"NA"
54,1998,0,"NA"
54,2000,0,"NA"
54,2002,0,"NA"
54,2003,0,"NA"
54,2004,0,"NA"
54,2005,0,"NA"
54,2006,0,"NA"
54,2007,0,"NA"
54,2008,0,"NA"
54,2009,0,"NA"
54,2010,0,"NA"
54,2011,0,"NA"
54,2012,0,"NA"
54,2013,0,"NA"
54,2014,0,"NA"
54,2015,0,"NA"
55,1996,0,"territory"
55,1998,0,"territory"
55,2000,0,"territory"
55,2002,0,"territory"
55,2003,0,"territory"
55,2004,0,"territory"
55,2005,0,"territory"
55,2006,0,"territory"
55,2007,0,"territory"
55,2008,0,"territory"
55,2009,0,"territory"
55,2010,0,"territory"
55,2011,0,"territory"
55,2012,0,"territory"
55,2013,0,"territory"
55,2014,0,"territory"
55,2015,0,"territory"
56,1996,2,"NA"
56,1998,0,"NA"
56,2000,0,"NA"
56,2002,0,"NA"
56,2003,0,"NA"
56,2004,0,"NA"
56,2005,0,"NA"
56,2006,0,"NA"
56,2007,0,"NA"
56,2008,0,"NA"
56,2009,0,"NA"
56,2010,0,"NA"
56,2011,0,"NA"
56,2012,0,"NA"
56,2013,0,"NA"
56,2014,0,"NA"
56,2015,0,"NA"
57,1996,0,"territory"
57,1998,0,"territory"
57,2000,0,"territory"
57,2002,0,"territory"
57,2003,0,"territory"
57,2004,0,"territory"
57,2005,0,"territory"
57,2006,0,"territory"
57,2007,0,"territory"
57,2008,0,"territory"
57,2009,0,"territory"
57,2010,0,"territory"
57,2011,0,"territory"
57,2012,0,"territory"
57,2013,0,"territory"
57,2014,0,"territory"
57,2015,0,"territory"
58,1996,0,"territory"
58,1998,0,"territory"
58,2000,0,"territory"
58,2002,0,"territory"
58,2003,0,"territory"
58,2004,0,"territory"
58,2005,0,"territory"
58,2006,0,"territory"
58,2007,0,"territory"
58,2008,0,"territory"
58,2009,0,"territory"
58,2010,0,"territory"
58,2011,0,"territory"
58,2012,0,"territory"
58,2013,0,"territory"
58,2014,0,"territory"
58,2015,0,"territory"
59,1996,0,"NA"
59,1998,0,"NA"
59,2000,0,"NA"
59,2002,0,"NA"
59,2003,0,"NA"
59,2004,0,"NA"
59,2005,0,"NA"
59,2006,0,"NA"
59,2007,0,"NA"
59,2008,0,"NA"
59,2009,0,"NA"
59,2010,0,"NA"
59,2011,0,"NA"
59,2012,0,"NA"
59,2013,0,"NA"
59,2014,0,"NA"
59,2015,0,"NA"
60,1996,3,"territory"
60,1998,3,"territory"
60,2000,3,"territory"
60,2002,3,"territory"
60,2003,3,"territory"
60,2004,2,"territory"
60,2005,2,"territory"
60,2006,2,"territory"
60,2007,2,"territory"
60,2008,2,"territory"
60,2009,2,"territory"
60,2010,2,"territory"
60,2011,0,"territory"
60,2012,0,"territory"
60,2013,0,"territory"
60,2014,0.333333333333333,"territory"
60,2015,0.333333333333333,"territory"
61,1996,0,"NA"
61,1998,0,"NA"
61,2000,0,"NA"
61,2002,0,"NA"
61,2003,0,"NA"
61,2004,0,"NA"
61,2005,0,"NA"
61,2006,0,"NA"
61,2007,0,"NA"
61,2008,0,"NA"
61,2009,0,"NA"
61,2010,0,"NA"
61,2011,0,"NA"
61,2012,0,"NA"
61,2013,0,"NA"
61,2014,0,"NA"
61,2015,0,"NA"
62,1996,0,"NA"
62,1998,0,"NA"
62,2000,0,"NA"
62,2002,0,"NA"
62,2003,0,"NA"
62,2004,0,"NA"
62,2005,0,"NA"
62,2006,0,"NA"
62,2007,0,"NA"
62,2008,0,"NA"
62,2009,0,"NA"
62,2010,0,"NA"
62,2011,0,"NA"
62,2012,0,"NA"
62,2013,0,"NA"
62,2014,0,"NA"
62,2015,0,"NA"
63,1996,0,"territory"
63,1998,0,"territory"
63,2000,0,"territory"
63,2002,0,"territory"
63,2003,0,"territory"
63,2004,0,"territory"
63,2005,0,"territory"
63,2006,0,"territory"
63,2007,0,"territory"
63,2008,0,"territory"
63,2009,0,"territory"
63,2010,0,"territory"
63,2011,0,"territory"
63,2012,0,"territory"
63,2013,0,"territory"
63,2014,0,"territory"
63,2015,0,"territory"
64,1996,0,"NA"
64,1998,0,"NA"
64,2000,0,"NA"
64,2002,0,"NA"
64,2003,0,"NA"
64,2004,0,"NA"
64,2005,0,"NA"
64,2006,0,"NA"
64,2007,0,"NA"
64,2008,0,"NA"
64,2009,0,"NA"
64,2010,0,"NA"
64,2011,0,"NA"
64,2012,0,"NA"
64,2013,0,"NA"
64,2014,0,"NA"
64,2015,0,"NA"
65,1996,0,"NA"
65,1998,0,"NA"
65,2000,0,"NA"
65,2002,0,"NA"
65,2003,0,"NA"
65,2004,0,"NA"
65,2005,0,"NA"
65,2006,0,"NA"
65,2007,0,"NA"
65,2008,0,"NA"
65,2009,0,"NA"
65,2010,0,"NA"
65,2011,0,"NA"
65,2012,0,"NA"
65,2013,0,"NA"
65,2014,0,"NA"
65,2015,0,"NA"
66,1996,0,"NA"
66,1998,0,"NA"
66,2000,0,"NA"
66,2002,0,"NA"
66,2003,0,"NA"
66,2004,0,"NA"
66,2005,0,"NA"
66,2006,0,"NA"
66,2007,0,"NA"
66,2008,0,"NA"
66,2009,0,"NA"
66,2010,0,"NA"
66,2011,0,"NA"
66,2012,0,"NA"
66,2013,0,"NA"
66,2014,0,"NA"
66,2015,0,"NA"
67,1996,0,"NA"
67,1998,0,"NA"
67,2000,0,"NA"
67,2002,0,"NA"
67,2003,0,"NA"
67,2004,0,"NA"
67,2005,0,"NA"
67,2006,0,"NA"
67,2007,0,"NA"
67,2008,0,"NA"
67,2009,0,"NA"
67,2010,0,"NA"
67,2011,0,"NA"
67,2012,0,"NA"
67,2013,0,"NA"
67,2014,0,"NA"
67,2015,0,"NA"
68,1996,0,"NA"
68,1998,0,"NA"
68,2000,0,"NA"
68,2002,0,"NA"
68,2003,0,"NA"
68,2004,0,"NA"
68,2005,0,"NA"
68,2006,0,"NA"
68,2007,0,"NA"
68,2008,0,"NA"
68,2009,0,"NA"
68,2010,0,"NA"
68,2011,0,"NA"
68,2012,0,"NA"
68,2013,0,"NA"
68,2014,0,"NA"
68,2015,0,"NA"
69,1996,0,"NA"
69,1998,0,"NA"
69,2000,0,"NA"
69,2002,0,"NA"
69,2003,0,"NA"
69,2004,0,"NA"
69,2005,0,"NA"
69,2006,0,"NA"
69,2007,0,"NA"
69,2008,0,"NA"
69,2009,0,"NA"
69,2010,0,"NA"
69,2011,0,"NA"
69,2012,0,"NA"
69,2013,0,"NA"
69,2014,0,"NA"
69,2015,0,"NA"
70,1996,0,"NA"
70,1998,0,"NA"
70,2000,0,"NA"
70,2002,0,"NA"
70,2003,0,"NA"
70,2004,0,"NA"
70,2005,0,"NA"
70,2006,0,"NA"
70,2007,0,"NA"
70,2008,0,"NA"
70,2009,0,"NA"
70,2010,0,"NA"
70,2011,0,"NA"
70,2012,0,"NA"
70,2013,0,"NA"
70,2014,0,"NA"
70,2015,0,"NA"
71,1996,0,"NA"
71,1998,0,"NA"
71,2000,0,"NA"
71,2002,0,"NA"
71,2003,0,"NA"
71,2004,0,"NA"
71,2005,0,"NA"
71,2006,0,"NA"
71,2007,0,"NA"
71,2008,0,"NA"
71,2009,0,"NA"
71,2010,0,"NA"
71,2011,0,"NA"
71,2012,0,"NA"
71,2013,0,"NA"
71,2014,0,"NA"
71,2015,0,"NA"
72,1996,0,"NA"
72,1998,0,"NA"
72,2000,0,"NA"
72,2002,0,"NA"
72,2003,0,"NA"
72,2004,0,"NA"
72,2005,0,"NA"
72,2006,0,"NA"
72,2007,0,"NA"
72,2008,0,"NA"
72,2009,0,"NA"
72,2010,0,"NA"
72,2011,0,"NA"
72,2012,0,"NA"
72,2013,0,"NA"
72,2014,0,"NA"
72,2015,0,"NA"
73,1996,0,"NA"
73,1998,0,"NA"
73,2000,0,"NA"
73,2002,0,"NA"
73,2003,0,"NA"
73,2004,0,"NA"
73,2005,0,"NA"
73,2006,0,"NA"
73,2007,0,"NA"
73,2008,0,"NA"
73,2009,0,"NA"
73,2010,0,"NA"
73,2011,0,"NA"
73,2012,0,"NA"
73,2013,0,"NA"
73,2014,0,"NA"
73,2015,0,"NA"
74,1996,0,"NA"
74,1998,0,"NA"
74,2000,0,"NA"
74,2002,0,"NA"
74,2003,0,"NA"
74,2004,0,"NA"
74,2005,0,"NA"
74,2006,0,"NA"
74,2007,0,"NA"
74,2008,0,"NA"
74,2009,0,"NA"
74,2010,0,"NA"
74,2011,0,"NA"
74,2012,0,"NA"
74,2013,0,"NA"
74,2014,0,"NA"
74,2015,0,"NA"
75,1996,0,"NA"
75,1998,0,"NA"
75,2000,0,"NA"
75,2002,0,"NA"
75,2003,0,"NA"
75,2004,0,"NA"
75,2005,0,"NA"
75,2006,0,"NA"
75,2007,0,"NA"
75,2008,0,"NA"
75,2009,0,"NA"
75,2010,0,"NA"
75,2011,0,"NA"
75,2012,0,"NA"
75,2013,0,"NA"
75,2014,0,"NA"
75,2015,0,"NA"
76,1996,0,"NA"
76,1998,0,"NA"
76,2000,0,"NA"
76,2002,0,"NA"
76,2003,0,"NA"
76,2004,0,"NA"
76,2005,0,"NA"
76,2006,0,"NA"
76,2007,0,"NA"
76,2008,0,"NA"
76,2009,0,"NA"
76,2010,0,"NA"
76,2011,0,"NA"
76,2012,0,"NA"
76,2013,0,"NA"
76,2014,0,"NA"
76,2015,0,"NA"
77,1996,0,"NA"
77,1998,0,"NA"
77,2000,0,"NA"
77,2002,0,"NA"
77,2003,0,"NA"
77,2004,0,"NA"
77,2005,0,"NA"
77,2006,0,"NA"
77,2007,0,"NA"
77,2008,0,"NA"
77,2009,0,"NA"
77,2010,0,"NA"
77,2011,0,"NA"
77,2012,0,"NA"
77,2013,0,"NA"
77,2014,0,"NA"
77,2015,0,"NA"
78,1996,0,"NA"
78,1998,0,"NA"
78,2000,0,"NA"
78,2002,0,"NA"
78,2003,0,"NA"
78,2004,0,"NA"
78,2005,0,"NA"
78,2006,0,"NA"
78,2007,0,"NA"
78,2008,0,"NA"
78,2009,0,"NA"
78,2010,0,"NA"
78,2011,0,"NA"
78,2012,0,"NA"
78,2013,0,"NA"
78,2014,0,"NA"
78,2015,0,"NA"
79,1996,0,"NA"
79,1998,0,"NA"
79,2000,0,"NA"
79,2002,0,"NA"
79,2003,0,"NA"
79,2004,0,"NA"
79,2005,0,"NA"
79,2006,0,"NA"
79,2007,0,"NA"
79,2008,0,"NA"
79,2009,0,"NA"
79,2010,0,"NA"
79,2011,0,"NA"
79,2012,0,"NA"
79,2013,0,"NA"
79,2014,0,"NA"
79,2015,0,"NA"
80,1996,0,"NA"
80,1998,0,"NA"
80,2000,0,"NA"
80,2002,0,"NA"
80,2003,0,"NA"
80,2004,0,"NA"
80,2005,0,"NA"
80,2006,0,"NA"
80,2007,0,"NA"
80,2008,0,"NA"
80,2009,0,"NA"
80,2010,0,"NA"
80,2011,0,"NA"
80,2012,0,"NA"
80,2013,0,"NA"
80,2014,0,"NA"
80,2015,0,"NA"
81,1996,0,"NA"
81,1998,0,"NA"
81,2000,0,"NA"
81,2002,0,"NA"
81,2003,0,"NA"
81,2004,0,"NA"
81,2005,0,"NA"
81,2006,0,"NA"
81,2007,0,"NA"
81,2008,0,"NA"
81,2009,0,"NA"
81,2010,0,"NA"
81,2011,0,"NA"
81,2012,0,"NA"
81,2013,0,"NA"
81,2014,0,"NA"
81,2015,0,"NA"
82,1996,0,"NA"
82,1998,0,"NA"
82,2000,0,"NA"
82,2002,0,"NA"
82,2003,0,"NA"
82,2004,0,"NA"
82,2005,0,"NA"
82,2006,0,"NA"
82,2007,0,"NA"
82,2008,0,"NA"
82,2009,0,"NA"
82,2010,0,"NA"
82,2011,0,"NA"
82,2012,0,"NA"
82,2013,0,"NA"
82,2014,0,"NA"
82,2015,0,"NA"
84,1996,0,"NA"
84,1998,0,"NA"
84,2000,0,"NA"
84,2002,0,"NA"
84,2003,0,"NA"
84,2004,0,"NA"
84,2005,0,"NA"
84,2006,0,"NA"
84,2007,0,"NA"
84,2008,0,"NA"
84,2009,0,"NA"
84,2010,0,"NA"
84,2011,0,"NA"
84,2012,0,"NA"
84,2013,0,"NA"
84,2014,0,"NA"
84,2015,0,"NA"
85,1996,3,"territory"
85,1998,3,"territory"
85,2000,3,"territory"
85,2002,3,"territory"
85,2003,3,"territory"
85,2004,2,"territory"
85,2005,2,"territory"
85,2006,2,"territory"
85,2007,2,"territory"
85,2008,2,"territory"
85,2009,2,"territory"
85,2010,2,"territory"
85,2011,0,"territory"
85,2012,0,"territory"
85,2013,0,"territory"
85,2014,0.333333333333333,"territory"
85,2015,0.333333333333333,"territory"
86,1996,3,"territory"
86,1998,3,"territory"
86,2000,3,"territory"
86,2002,3,"territory"
86,2003,3,"territory"
86,2004,2,"territory"
86,2005,2,"territory"
86,2006,2,"territory"
86,2007,2,"territory"
86,2008,2,"territory"
86,2009,2,"territory"
86,2010,2,"territory"
86,2011,0,"territory"
86,2012,0,"territory"
86,2013,0,"territory"
86,2014,0.333333333333333,"territory"
86,2015,0.333333333333333,"territory"
88,1996,3,"territory"
88,1998,3,"territory"
88,2000,3,"territory"
88,2002,3,"territory"
88,2003,3,"territory"
88,2004,2,"territory"
88,2005,2,"territory"
88,2006,2,"territory"
88,2007,2,"territory"
88,2008,2,"territory"
88,2009,2,"territory"
88,2010,2,"territory"
88,2011,0,"territory"
88,2012,0,"territory"
88,2013,0,"territory"
88,2014,0.333333333333333,"territory"
88,2015,0.333333333333333,"territory"
89,1996,3,"territory"
89,1998,3,"territory"
89,2000,3,"territory"
89,2002,3,"territory"
89,2003,3,"territory"
89,2004,2,"territory"
89,2005,2,"territory"
89,2006,2,"territory"
89,2007,2,"territory"
89,2008,2,"territory"
89,2009,2,"territory"
89,2010,2,"territory"
89,2011,0,"territory"
89,2012,0,"territory"
89,2013,0,"territory"
89,2014,0.333333333333333,"territory"
89,2015,0.333333333333333,"territory"
90,1996,0,"territory"
90,1998,0,"territory"
90,2000,0,"territory"
90,2002,0,"territory"
90,2003,0,"territory"
90,2004,0,"territory"
90,2005,0,"territory"
90,2006,0,"territory"
90,2007,0,"territory"
90,2008,0,"territory"
90,2009,0,"territory"
90,2010,0,"territory"
90,2011,0,"territory"
90,2012,0,"territory"
90,2013,0,"territory"
90,2014,0,"territory"
90,2015,0,"territory"
91,1996,1.5,"territory"
91,1998,1.5,"territory"
91,2000,1.5,"territory"
91,2002,1.5,"territory"
91,2003,1.5,"territory"
91,2004,0,"territory"
91,2005,0,"territory"
91,2006,0,"territory"
91,2007,0,"territory"
91,2008,0,"territory"
91,2009,0,"territory"
91,2010,0,"territory"
91,2011,0,"territory"
91,2012,0,"territory"
91,2013,0,"territory"
91,2014,0.5,"territory"
91,2015,0.5,"territory"
92,1996,1.5,"territory"
92,1998,1.5,"territory"
92,2000,1.5,"territory"
92,2002,1.5,"territory"
92,2003,1.5,"territory"
92,2004,0,"territory"
92,2005,0,"territory"
92,2006,0,"territory"
92,2007,0,"territory"
92,2008,0,"territory"
92,2009,0,"territory"
92,2010,0,"territory"
92,2011,0,"territory"
92,2012,0,"territory"
92,2013,0,"territory"
92,2014,0.5,"territory"
92,2015,0.5,"territory"
93,1996,1.5,"territory"
93,1998,1.5,"territory"
93,2000,1.5,"territory"
93,2002,1.5,"territory"
93,2003,1.5,"territory"
93,2004,0,"territory"
93,2005,0,"territory"
93,2006,0,"territory"
93,2007,0,"territory"
93,2008,0,"territory"
93,2009,0,"territory"
93,2010,0,"territory"
93,2011,0,"territory"
93,2012,0,"territory"
93,2013,0,"territory"
93,2014,0.5,"territory"
93,2015,0.5,"territory"
94,1996,0,"territory"
94,1998,0,"territory"
94,2000,0,"territory"
94,2002,0,"territory"
94,2003,0,"territory"
94,2004,0,"territory"
94,2005,0,"territory"
94,2006,0,"territory"
94,2007,0,"territory"
94,2008,0,"territory"
94,2009,0,"territory"
94,2010,0,"territory"
94,2011,0,"territory"
94,2012,0,"territory"
94,2013,0,"territory"
94,2014,0,"territory"
94,2015,0,"territory"
95,1996,3,"territory"
95,1998,3,"territory"
95,2000,3,"territory"
95,2002,3,"territory"
95,2003,3,"territory"
95,2004,2,"territory"
95,2005,2,"territory"
95,2006,2,"territory"
95,2007,2,"territory"
95,2008,2,"territory"
95,2009,2,"territory"
95,2010,2,"territory"
95,2011,0,"territory"
95,2012,0,"territory"
95,2013,0,"territory"
95,2014,0.333333333333333,"territory"
95,2015,0.333333333333333,"territory"
96,1996,0,"NA"
96,1998,0,"NA"
96,2000,0,"NA"
96,2002,0,"NA"
96,2003,0,"NA"
96,2004,0,"NA"
96,2005,0,"NA"
96,2006,0,"NA"
96,2007,0,"NA"
96,2008,0,"NA"
96,2009,0,"NA"
96,2010,0,"NA"
96,2011,0,"NA"
96,2012,0,"NA"
96,2013,0,"NA"
96,2014,0,"NA"
96,2015,0,"NA"
97,1996,0,"NA"
97,1998,0,"NA"
97,2000,0,"NA"
97,2002,0,"NA"
97,2003,0,"NA"
97,2004,0,"NA"
97,2005,0,"NA"
97,2006,0,"NA"
97,2007,0,"NA"
97,2008,0,"NA"
97,2009,0,"NA"
97,2010,0,"NA"
97,2011,0,"NA"
97,2012,0,"NA"
97,2013,0,"NA"
97,2014,0,"NA"
97,2015,0,"NA"
98,1996,0,"NA"
98,1998,0,"NA"
98,2000,0,"NA"
98,2002,0,"NA"
98,2003,0,"NA"
98,2004,0,"NA"
98,2005,0,"NA"
98,2006,0,"NA"
98,2007,0,"NA"
98,2008,0,"NA"
98,2009,0,"NA"
98,2010,0,"NA"
98,2011,0,"NA"
98,2012,0,"NA"
98,2013,0,"NA"
98,2014,0,"NA"
98,2015,0,"NA"
99,1996,0,"NA"
99,1998,0,"NA"
99,2000,0,"NA"
99,2002,0,"NA"
99,2003,0,"NA"
99,2004,0,"NA"
99,2005,0,"NA"
99,2006,0,"NA"
99,2007,0,"NA"
99,2008,0,"NA"
99,2009,0,"NA"
99,2010,0,"NA"
99,2011,0,"NA"
99,2012,0,"NA"
99,2013,0,"NA"
99,2014,0,"NA"
99,2015,0,"NA"
100,1996,0,"NA"
100,1998,0,"NA"
100,2000,0,"NA"
100,2002,0,"NA"
100,2003,0,"NA"
100,2004,0,"NA"
100,2005,0,"NA"
100,2006,0,"NA"
100,2007,0,"NA"
100,2008,0,"NA"
100,2009,0,"NA"
100,2010,0,"NA"
100,2011,0,"NA"
100,2012,0,"NA"
100,2013,0,"NA"
100,2014,0,"NA"
100,2015,0,"NA"
101,1996,0,"NA"
101,1998,0,"NA"
101,2000,0,"NA"
101,2002,0,"NA"
101,2003,0,"NA"
101,2004,0,"NA"
101,2005,0,"NA"
101,2006,0,"NA"
101,2007,0,"NA"
101,2008,0,"NA"
101,2009,0,"NA"
101,2010,0,"NA"
101,2011,0,"NA"
101,2012,0,"NA"
101,2013,0,"NA"
101,2014,0,"NA"
101,2015,0,"NA"
102,1996,0,"NA"
102,1998,0,"NA"
102,2000,0,"NA"
102,2002,0,"NA"
102,2003,0,"NA"
102,2004,0,"NA"
102,2005,0,"NA"
102,2006,0,"NA"
102,2007,0,"NA"
102,2008,0,"NA"
102,2009,0,"NA"
102,2010,0,"NA"
102,2011,0,"NA"
102,2012,0,"NA"
102,2013,0,"NA"
102,2014,0,"NA"
102,2015,0,"NA"
103,1996,0,"NA"
103,1998,0,"NA"
103,2000,0,"NA"
103,2002,0,"NA"
103,2003,0,"NA"
103,2004,0,"NA"
103,2005,0,"NA"
103,2006,0,"NA"
103,2007,0,"NA"
103,2008,0,"NA"
103,2009,0,"NA"
103,2010,0,"NA"
103,2011,0,"NA"
103,2012,0,"NA"
103,2013,0,"NA"
103,2014,0,"NA"
103,2015,0,"NA"
104,1996,0,"NA"
104,1998,0,"NA"
104,2000,0,"NA"
104,2002,0,"NA"
104,2003,0,"NA"
104,2004,0,"NA"
104,2005,0,"NA"
104,2006,0,"NA"
104,2007,0,"NA"
104,2008,0,"NA"
104,2009,0,"NA"
104,2010,0,"NA"
104,2011,0,"NA"
104,2012,0,"NA"
104,2013,0,"NA"
104,2014,0,"NA"
104,2015,0,"NA"
105,1996,0,"territory"
105,1998,0,"territory"
105,2000,0,"territory"
105,2002,0,"territory"
105,2003,0,"territory"
105,2004,0,"territory"
105,2005,0,"territory"
105,2006,0,"territory"
105,2007,0,"territory"
105,2008,0,"territory"
105,2009,0,"territory"
105,2010,0,"territory"
105,2011,0,"territory"
105,2012,0,"territory"
105,2013,0,"territory"
105,2014,0,"territory"
105,2015,0,"territory"
106,1996,0,"NA"
106,1998,0,"NA"
106,2000,0,"NA"
106,2002,0,"NA"
106,2003,0,"NA"
106,2004,0,"NA"
106,2005,0,"NA"
106,2006,0,"NA"
106,2007,0,"NA"
106,2008,0,"NA"
106,2009,0,"NA"
106,2010,0,"NA"
106,2011,0,"NA"
106,2012,0,"NA"
106,2013,0,"NA"
106,2014,0,"NA"
106,2015,0,"NA"
107,1996,1.5,"territory"
107,1998,1.5,"territory"
107,2000,1.5,"territory"
107,2002,1.5,"territory"
107,2003,1.5,"territory"
107,2004,0,"territory"
107,2005,0,"territory"
107,2006,0,"territory"
107,2007,0,"territory"
107,2008,0,"territory"
107,2009,0,"territory"
107,2010,0,"territory"
107,2011,0,"territory"
107,2012,0,"territory"
107,2013,0,"territory"
107,2014,0.5,"territory"
107,2015,0.5,"territory"
108,1996,3,"NA"
108,1998,3,"NA"
108,2000,3,"NA"
108,2002,3,"NA"
108,2003,3,"NA"
108,2004,2,"NA"
108,2005,2,"NA"
108,2006,2,"NA"
108,2007,2,"NA"
108,2008,2,"NA"
108,2009,2,"NA"
108,2010,2,"NA"
108,2011,0,"NA"
108,2012,0,"NA"
108,2013,0,"NA"
108,2014,0.333333333333333,"NA"
108,2015,0.333333333333333,"NA"
110,1996,0,"NA"
110,1998,0,"NA"
110,2000,0,"NA"
110,2002,0,"NA"
110,2003,0,"NA"
110,2004,0,"NA"
110,2005,0,"NA"
110,2006,0,"NA"
110,2007,0,"NA"
110,2008,0,"NA"
110,2009,0,"NA"
110,2010,0,"NA"
110,2011,0,"NA"
110,2012,0,"NA"
110,2013,0,"NA"
110,2014,0,"NA"
110,2015,0,"NA"
111,1996,3,"territory"
111,1998,3,"territory"
111,2000,3,"territory"
111,2002,3,"territory"
111,2003,3,"territory"
111,2004,2,"territory"
111,2005,2,"territory"
111,2006,2,"territory"
111,2007,2,"territory"
111,2008,2,"territory"
111,2009,2,"territory"
111,2010,2,"territory"
111,2011,0,"territory"
111,2012,0,"territory"
111,2013,0,"territory"
111,2014,0.333333333333333,"territory"
111,2015,0.333333333333333,"territory"
112,1996,0,"NA"
112,1998,0,"NA"
112,2000,0,"NA"
112,2002,0,"NA"
112,2003,0,"NA"
112,2004,0,"NA"
112,2005,0,"NA"
112,2006,0,"NA"
112,2007,0,"NA"
112,2008,0,"NA"
112,2009,0,"NA"
112,2010,0,"NA"
112,2011,0,"NA"
112,2012,0,"NA"
112,2013,0,"NA"
112,2014,0,"NA"
112,2015,0,"NA"
113,1996,3,"NA"
113,1998,3,"NA"
113,2000,3,"NA"
113,2002,3,"NA"
113,2003,3,"NA"
113,2004,2,"NA"
113,2005,2,"NA"
113,2006,2,"NA"
113,2007,2,"NA"
113,2008,2,"NA"
113,2009,2,"NA"
113,2010,2,"NA"
113,2011,0,"NA"
113,2012,0,"NA"
113,2013,0,"NA"
113,2014,0.333333333333333,"NA"
113,2015,0.333333333333333,"NA"
114,1996,0,"NA"
114,1998,0,"NA"
114,2000,0,"NA"
114,2002,0,"NA"
114,2003,0,"NA"
114,2004,0,"NA"
114,2005,0,"NA"
114,2006,0,"NA"
114,2007,0,"NA"
114,2008,0,"NA"
114,2009,0,"NA"
114,2010,0,"NA"
114,2011,0,"NA"
114,2012,0,"NA"
114,2013,0,"NA"
114,2014,0,"NA"
114,2015,0,"NA"
115,1996,0,"NA"
115,1998,0,"NA"
115,2000,0,"NA"
115,2002,0,"NA"
115,2003,0,"NA"
115,2004,0,"NA"
115,2005,0,"NA"
115,2006,0,"NA"
115,2007,0,"NA"
115,2008,0,"NA"
115,2009,0,"NA"
115,2010,0,"NA"
115,2011,0,"NA"
115,2012,0,"NA"
115,2013,0,"NA"
115,2014,0,"NA"
115,2015,0,"NA"
116,1996,3.04164911797263,"NA"
116,1998,3.04164911797263,"NA"
116,2000,3.04164911797263,"NA"
116,2002,3.04164911797263,"NA"
116,2003,3.04164911797263,"NA"
116,2004,0,"NA"
116,2005,0,"NA"
116,2006,0,"NA"
116,2007,0,"NA"
116,2008,0,"NA"
116,2009,0,"NA"
116,2010,0,"NA"
116,2011,0,"NA"
116,2012,0,"NA"
116,2013,0,"NA"
116,2014,0.506941519662105,"NA"
116,2015,0.506941519662105,"NA"
117,1996,3,"territory"
117,1998,3,"territory"
117,2000,3,"territory"
117,2002,3,"territory"
117,2003,3,"territory"
117,2004,2,"territory"
117,2005,2,"territory"
117,2006,2,"territory"
117,2007,2,"territory"
117,2008,2,"territory"
117,2009,2,"territory"
117,2010,2,"territory"
117,2011,0,"territory"
117,2012,0,"territory"
117,2013,0,"territory"
117,2014,0.333333333333333,"territory"
117,2015,0.333333333333333,"territory"
118,1996,3,"NA"
118,1998,3,"NA"
118,2000,3,"NA"
118,2002,3,"NA"
118,2003,3,"NA"
118,2004,2,"NA"
118,2005,2,"NA"
118,2006,2,"NA"
118,2007,2,"NA"
118,2008,2,"NA"
118,2009,2,"NA"
118,2010,2,"NA"
118,2011,0,"NA"
118,2012,0,"NA"
118,2013,0,"NA"
118,2014,0.333333333333333,"NA"
118,2015,0.333333333333333,"NA"
119,1996,4,"NA"
119,1998,1,"NA"
119,2000,1,"NA"
119,2002,1,"NA"
119,2003,0,"NA"
119,2004,0,"NA"
119,2005,0,"NA"
119,2006,0,"NA"
119,2007,0,"NA"
119,2008,0,"NA"
119,2009,0,"NA"
119,2010,0,"NA"
119,2011,0,"NA"
119,2012,0,"NA"
119,2013,0,"NA"
119,2014,0,"NA"
119,2015,0,"NA"
120,1996,0,"NA"
120,1998,0,"NA"
120,2000,0,"NA"
120,2002,0,"NA"
120,2003,0,"NA"
120,2004,0,"NA"
120,2005,0,"NA"
120,2006,0,"NA"
120,2007,0,"NA"
120,2008,0,"NA"
120,2009,0,"NA"
120,2010,0,"NA"
120,2011,0,"NA"
120,2012,0,"NA"
120,2013,0,"NA"
120,2014,0,"NA"
120,2015,0,"NA"
121,1996,3,"territory"
121,1998,3,"territory"
121,2000,3,"territory"
121,2002,3,"territory"
121,2003,3,"territory"
121,2004,2,"territory"
121,2005,2,"territory"
121,2006,2,"territory"
121,2007,2,"territory"
121,2008,2,"territory"
121,2009,2,"territory"
121,2010,2,"territory"
121,2011,0,"territory"
121,2012,0,"territory"
121,2013,0,"territory"
121,2014,0.333333333333333,"territory"
121,2015,0.333333333333333,"territory"
122,1996,3,"NA"
122,1998,0,"NA"
122,2000,0,"NA"
122,2002,0,"NA"
122,2003,0,"NA"
122,2004,0,"NA"
122,2005,0,"NA"
122,2006,0,"NA"
122,2007,0,"NA"
122,2008,0,"NA"
122,2009,0,"NA"
122,2010,0,"NA"
122,2011,0,"NA"
122,2012,0,"NA"
122,2013,0,"NA"
122,2014,0,"NA"
122,2015,0,"NA"
123,1996,0,"NA"
123,1998,0,"NA"
123,2000,0,"NA"
123,2002,0,"NA"
123,2003,0,"NA"
123,2004,0,"NA"
123,2005,0,"NA"
123,2006,0,"NA"
123,2007,0,"NA"
123,2008,0,"NA"
123,2009,0,"NA"
123,2010,0,"NA"
123,2011,0,"NA"
123,2012,0,"NA"
123,2013,0,"NA"
123,2014,0,"NA"
123,2015,0,"NA"
124,1996,0,"NA"
124,1998,0,"NA"
124,2000,0,"NA"
124,2002,0,"NA"
124,2003,0,"NA"
124,2004,0,"NA"
124,2005,0,"NA"
124,2006,0,"NA"
124,2007,0,"NA"
124,2008,0,"NA"
124,2009,0,"NA"
124,2010,0,"NA"
124,2011,0,"NA"
124,2012,0,"NA"
124,2013,0,"NA"
124,2014,0,"NA"
124,2015,0,"NA"
125,1996,0,"NA"
125,1998,0,"NA"
125,2000,0,"NA"
125,2002,0,"NA"
125,2003,0,"NA"
125,2004,0,"NA"
125,2005,0,"NA"
125,2006,0,"NA"
125,2007,0,"NA"
125,2008,0,"NA"
125,2009,0,"NA"
125,2010,0,"NA"
125,2011,0,"NA"
125,2012,0,"NA"
125,2013,0,"NA"
125,2014,0,"NA"
125,2015,0,"NA"
126,1996,0,"NA"
126,1998,0,"NA"
126,2000,0,"NA"
126,2002,0,"NA"
126,2003,0,"NA"
126,2004,0,"NA"
126,2005,0,"NA"
126,2006,0,"NA"
126,2007,0,"NA"
126,2008,0,"NA"
126,2009,0,"NA"
126,2010,0,"NA"
126,2011,0,"NA"
126,2012,0,"NA"
126,2013,0,"NA"
126,2014,0,"NA"
126,2015,0,"NA"
127,1996,3,"NA"
127,1998,0,"NA"
127,2000,0,"NA"
127,2002,0,"NA"
127,2003,0,"NA"
127,2004,0,"NA"
127,2005,0,"NA"
127,2006,0,"NA"
127,2007,0,"NA"
127,2008,0,"NA"
127,2009,0,"NA"
127,2010,0,"NA"
127,2011,0,"NA"
127,2012,0,"NA"
127,2013,0,"NA"
127,2014,0,"NA"
127,2015,0,"NA"
129,1996,0,"NA"
129,1998,0,"NA"
129,2000,0,"NA"
129,2002,0,"NA"
129,2003,0,"NA"
129,2004,0,"NA"
129,2005,0,"NA"
129,2006,0,"NA"
129,2007,0,"NA"
129,2008,0,"NA"
129,2009,0,"NA"
129,2010,0,"NA"
129,2011,0,"NA"
129,2012,0,"NA"
129,2013,0,"NA"
129,2014,0,"NA"
129,2015,0,"NA"
130,1996,0,"NA"
130,1998,0,"NA"
130,2000,0,"NA"
130,2002,0,"NA"
130,2003,0,"NA"
130,2004,0,"NA"
130,2005,0,"NA"
130,2006,0,"NA"
130,2007,0,"NA"
130,2008,0,"NA"
130,2009,0,"NA"
130,2010,0,"NA"
130,2011,0,"NA"
130,2012,0,"NA"
130,2013,0,"NA"
130,2014,0,"NA"
130,2015,0,"NA"
131,1996,0,"NA"
131,1998,0,"NA"
131,2000,0,"NA"
131,2002,0,"NA"
131,2003,0,"NA"
131,2004,0,"NA"
131,2005,0,"NA"
131,2006,0,"NA"
131,2007,0,"NA"
131,2008,0,"NA"
131,2009,0,"NA"
131,2010,0,"NA"
131,2011,0,"NA"
131,2012,0,"NA"
131,2013,0,"NA"
131,2014,0,"NA"
131,2015,0,"NA"
132,1996,0,"NA"
132,1998,0,"NA"
132,2000,0,"NA"
132,2002,0,"NA"
132,2003,0,"NA"
132,2004,0,"NA"
132,2005,0,"NA"
132,2006,0,"NA"
132,2007,0,"NA"
132,2008,0,"NA"
132,2009,0,"NA"
132,2010,0,"NA"
132,2011,0,"NA"
132,2012,0,"NA"
132,2013,0,"NA"
132,2014,0,"NA"
132,2015,0,"NA"
133,1996,0,"NA"
133,1998,0,"NA"
133,2000,0,"NA"
133,2002,0,"NA"
133,2003,0,"NA"
133,2004,0,"NA"
133,2005,0,"NA"
133,2006,0,"NA"
133,2007,0,"NA"
133,2008,0,"NA"
133,2009,0,"NA"
133,2010,0,"NA"
133,2011,0,"NA"
133,2012,0,"NA"
133,2013,0,"NA"
133,2014,0,"NA"
133,2015,0,"NA"
134,1996,0,"NA"
134,1998,0,"NA"
134,2000,0,"NA"
134,2002,0,"NA"
134,2003,0,"NA"
134,2004,0,"NA"
134,2005,0,"NA"
134,2006,0,"NA"
134,2007,0,"NA"
134,2008,0,"NA"
134,2009,0,"NA"
134,2010,0,"NA"
134,2011,0,"NA"
134,2012,0,"NA"
134,2013,0,"NA"
134,2014,0,"NA"
134,2015,0,"NA"
135,1996,0,"NA"
135,1998,0,"NA"
135,2000,0,"NA"
135,2002,0,"NA"
135,2003,0,"NA"
135,2004,0,"NA"
135,2005,0,"NA"
135,2006,0,"NA"
135,2007,0,"NA"
135,2008,0,"NA"
135,2009,0,"NA"
135,2010,0,"NA"
135,2011,0,"NA"
135,2012,0,"NA"
135,2013,0,"NA"
135,2014,0,"NA"
135,2015,0,"NA"
136,1996,0,"NA"
136,1998,0,"NA"
136,2000,0,"NA"
136,2002,0,"NA"
136,2003,0,"NA"
136,2004,0,"NA"
136,2005,0,"NA"
136,2006,0,"NA"
136,2007,0,"NA"
136,2008,0,"NA"
136,2009,0,"NA"
136,2010,0,"NA"
136,2011,0,"NA"
136,2012,0,"NA"
136,2013,0,"NA"
136,2014,0,"NA"
136,2015,0,"NA"
137,1996,0,"NA"
137,1998,0,"NA"
137,2000,0,"NA"
137,2002,0,"NA"
137,2003,0,"NA"
137,2004,0,"NA"
137,2005,0,"NA"
137,2006,0,"NA"
137,2007,0,"NA"
137,2008,0,"NA"
137,2009,0,"NA"
137,2010,0,"NA"
137,2011,0,"NA"
137,2012,0,"NA"
137,2013,0,"NA"
137,2014,0,"NA"
137,2015,0,"NA"
138,1996,0,"NA"
138,1998,0,"NA"
138,2000,0,"NA"
138,2002,0,"NA"
138,2003,0,"NA"
138,2004,0,"NA"
138,2005,0,"NA"
138,2006,0,"NA"
138,2007,0,"NA"
138,2008,0,"NA"
138,2009,0,"NA"
138,2010,0,"NA"
138,2011,0,"NA"
138,2012,0,"NA"
138,2013,0,"NA"
138,2014,0,"NA"
138,2015,0,"NA"
139,1996,0,"NA"
139,1998,0,"NA"
139,2000,0,"NA"
139,2002,0,"NA"
139,2003,0,"NA"
139,2004,0,"NA"
139,2005,0,"NA"
139,2006,0,"NA"
139,2007,0,"NA"
139,2008,0,"NA"
139,2009,0,"NA"
139,2010,0,"NA"
139,2011,0,"NA"
139,2012,0,"NA"
139,2013,0,"NA"
139,2014,0,"NA"
139,2015,0,"NA"
140,1996,1.5,"NA"
140,1998,1.5,"NA"
140,2000,1.5,"NA"
140,2002,1.5,"NA"
140,2003,1.5,"NA"
140,2004,0,"NA"
140,2005,0,"NA"
140,2006,0,"NA"
140,2007,0,"NA"
140,2008,0,"NA"
140,2009,0,"NA"
140,2010,0,"NA"
140,2011,0,"NA"
140,2012,0,"NA"
140,2013,0,"NA"
140,2014,0.5,"NA"
140,2015,0.5,"NA"
141,1996,3,"territory"
141,1998,3,"territory"
141,2000,3,"territory"
141,2002,3,"territory"
141,2003,3,"territory"
141,2004,3,"territory"
141,2005,3,"territory"
141,2006,3,"territory"
141,2007,3,"territory"
141,2008,3,"territory"
141,2009,0,"territory"
141,2010,0,"territory"
141,2011,0,"territory"
141,2012,0,"territory"
141,2013,0,"territory"
141,2014,0,"territory"
141,2015,0,"territory"
143,1996,0,"NA"
143,1998,0,"NA"
143,2000,0,"NA"
143,2002,0,"NA"
143,2003,0,"NA"
143,2004,0,"NA"
143,2005,0,"NA"
143,2006,0,"NA"
143,2007,0,"NA"
143,2008,0,"NA"
143,2009,0,"NA"
143,2010,0,"NA"
143,2011,0,"NA"
143,2012,0,"NA"
143,2013,0,"NA"
143,2014,0,"NA"
143,2015,0,"NA"
144,1996,0,"territory"
144,1998,0,"territory"
144,2000,0,"territory"
144,2002,0,"territory"
144,2003,0,"territory"
144,2004,0,"territory"
144,2005,0,"territory"
144,2006,0,"territory"
144,2007,0,"territory"
144,2008,0,"territory"
144,2009,0,"territory"
144,2010,0,"territory"
144,2011,0,"territory"
144,2012,0,"territory"
144,2013,0,"territory"
144,2014,0,"territory"
144,2015,0,"territory"
145,1996,3,"NA"
145,1998,3,"NA"
145,2000,3,"NA"
145,2002,3,"NA"
145,2003,3,"NA"
145,2004,3,"NA"
145,2005,3,"NA"
145,2006,3,"NA"
145,2007,3,"NA"
145,2008,3,"NA"
145,2009,0,"NA"
145,2010,0,"NA"
145,2011,0,"NA"
145,2012,0,"NA"
145,2013,0,"NA"
145,2014,0,"NA"
145,2015,0,"NA"
146,1996,3,"territory"
146,1998,3,"territory"
146,2000,3,"territory"
146,2002,3,"territory"
146,2003,3,"territory"
146,2004,2,"territory"
146,2005,2,"territory"
146,2006,2,"territory"
146,2007,2,"territory"
146,2008,2,"territory"
146,2009,2,"territory"
146,2010,2,"territory"
146,2011,0,"territory"
146,2012,0,"territory"
146,2013,0,"territory"
146,2014,0.333333333333333,"territory"
146,2015,0.333333333333333,"territory"
147,1996,1.5,"territory"
147,1998,1.5,"territory"
147,2000,1.5,"territory"
147,2002,1.5,"territory"
147,2003,1.5,"territory"
147,2004,0,"territory"
147,2005,0,"territory"
147,2006,0,"territory"
147,2007,0,"territory"
147,2008,0,"territory"
147,2009,0,"territory"
147,2010,0,"territory"
147,2011,0,"territory"
147,2012,0,"territory"
147,2013,0,"territory"
147,2014,0.5,"territory"
147,2015,0.5,"territory"
148,1996,4,"territory"
148,1998,1,"territory"
148,2000,1,"territory"
148,2002,1,"territory"
148,2003,0,"territory"
148,2004,0,"territory"
148,2005,0,"territory"
148,2006,0,"territory"
148,2007,0,"territory"
148,2008,0,"territory"
148,2009,0,"territory"
148,2010,0,"territory"
148,2011,0,"territory"
148,2012,0,"territory"
148,2013,0,"territory"
148,2014,0,"territory"
148,2015,0,"territory"
149,1996,3.04164911797263,"territory"
149,1998,3.04164911797263,"territory"
149,2000,3.04164911797263,"territory"
149,2002,3.04164911797263,"territory"
149,2003,3.04164911797263,"territory"
149,2004,0,"territory"
149,2005,0,"territory"
149,2006,0,"territory"
149,2007,0,"territory"
149,2008,0,"territory"
149,2009,0,"territory"
149,2010,0,"territory"
149,2011,0,"territory"
149,2012,0,"territory"
149,2013,0,"territory"
149,2014,0.506941519662105,"territory"
149,2015,0.506941519662105,"territory"
150,1996,3.04164911797263,"territory"
150,1998,3.04164911797263,"territory"
150,2000,3.04164911797263,"territory"
150,2002,3.04164911797263,"territory"
150,2003,3.04164911797263,"territory"
150,2004,0,"territory"
150,2005,0,"territory"
150,2006,0,"territory"
150,2007,0,"territory"
150,2008,0,"territory"
150,2009,0,"territory"
150,2010,0,"territory"
150,2011,0,"territory"
150,2012,0,"territory"
150,2013,0,"territory"
150,2014,0.506941519662105,"territory"
150,2015,0.506941519662105,"territory"
151,1996,3.04164911797263,"NA"
151,1998,3.04164911797263,"NA"
151,2000,3.04164911797263,"NA"
151,2002,3.04164911797263,"NA"
151,2003,3.04164911797263,"NA"
151,2004,0,"NA"
151,2005,0,"NA"
151,2006,0,"NA"
151,2007,0,"NA"
151,2008,0,"NA"
151,2009,0,"NA"
151,2010,0,"NA"
151,2011,0,"NA"
151,2012,0,"NA"
151,2013,0,"NA"
151,2014,0.506941519662105,"NA"
151,2015,0.506941519662105,"NA"
152,1996,0,"NA"
152,1998,0,"NA"
152,2000,0,"NA"
152,2002,0,"NA"
152,2003,0,"NA"
152,2004,0,"NA"
152,2005,0,"NA"
152,2006,0,"NA"
152,2007,0,"NA"
152,2008,0,"NA"
152,2009,0,"NA"
152,2010,0,"NA"
152,2011,0,"NA"
152,2012,0,"NA"
152,2013,0,"NA"
152,2014,0,"NA"
152,2015,0,"NA"
153,1996,4,"NA"
153,1998,4,"NA"
153,2000,2.66666666666667,"NA"
153,2002,2.66666666666667,"NA"
153,2003,2.66666666666667,"NA"
153,2004,2.66666666666667,"NA"
153,2005,2.66666666666667,"NA"
153,2006,2.66666666666667,"NA"
153,2007,2.66666666666667,"NA"
153,2008,4,"NA"
153,2009,0,"NA"
153,2010,0,"NA"
153,2011,0.666666666666667,"NA"
153,2012,0.666666666666667,"NA"
153,2013,0.666666666666667,"NA"
153,2014,4,"NA"
153,2015,4,"NA"
154,1996,4,"NA"
154,1998,4,"NA"
154,2000,2.66666666666667,"NA"
154,2002,2.66666666666667,"NA"
154,2003,2.66666666666667,"NA"
154,2004,2.66666666666667,"NA"
154,2005,2.66666666666667,"NA"
154,2006,2.66666666666667,"NA"
154,2007,2.66666666666667,"NA"
154,2008,4,"NA"
154,2009,0,"NA"
154,2010,0,"NA"
154,2011,0.666666666666667,"NA"
154,2012,0.666666666666667,"NA"
154,2013,0.666666666666667,"NA"
154,2014,4,"NA"
154,2015,4,"NA"
155,1996,4,"NA"
155,1998,1,"NA"
155,2000,1,"NA"
155,2002,1,"NA"
155,2003,0,"NA"
155,2004,0,"NA"
155,2005,0,"NA"
155,2006,0,"NA"
155,2007,0,"NA"
155,2008,0,"NA"
155,2009,0,"NA"
155,2010,0,"NA"
155,2011,0,"NA"
155,2012,0,"NA"
155,2013,0,"NA"
155,2014,0,"NA"
155,2015,0,"NA"
156,1996,4,"territory"
156,1998,4,"territory"
156,2000,2.66666666666667,"territory"
156,2002,2.66666666666667,"territory"
156,2003,2.66666666666667,"territory"
156,2004,2.66666666666667,"territory"
156,2005,2.66666666666667,"territory"
156,2006,2.66666666666667,"territory"
156,2007,2.66666666666667,"territory"
156,2008,4,"territory"
156,2009,0,"territory"
156,2010,0,"territory"
156,2011,0.666666666666667,"territory"
156,2012,0.666666666666667,"territory"
156,2013,0.666666666666667,"territory"
156,2014,4,"territory"
156,2015,4,"territory"
157,1996,4,"territory"
157,1998,1,"territory"
157,2000,1,"territory"
157,2002,1,"territory"
157,2003,0,"territory"
157,2004,0,"territory"
157,2005,0,"territory"
157,2006,0,"territory"
157,2007,0,"territory"
157,2008,0,"territory"
157,2009,0,"territory"
157,2010,0,"territory"
157,2011,0,"territory"
157,2012,0,"territory"
157,2013,0,"territory"
157,2014,0,"territory"
157,2015,0,"territory"
158,1996,3.04164911797263,"territory"
158,1998,3.04164911797263,"territory"
158,2000,3.04164911797263,"territory"
158,2002,3.04164911797263,"territory"
158,2003,3.04164911797263,"territory"
158,2004,0,"territory"
158,2005,0,"territory"
158,2006,0,"territory"
158,2007,0,"territory"
158,2008,0,"territory"
158,2009,0,"territory"
158,2010,0,"territory"
158,2011,0,"territory"
158,2012,0,"territory"
158,2013,0,"territory"
158,2014,0.506941519662105,"territory"
158,2015,0.506941519662105,"territory"
159,1996,3.04164911797263,"territory"
159,1998,3.04164911797263,"territory"
159,2000,3.04164911797263,"territory"
159,2002,3.04164911797263,"territory"
159,2003,3.04164911797263,"territory"
159,2004,0,"territory"
159,2005,0,"territory"
159,2006,0,"territory"
159,2007,0,"territory"
159,2008,0,"territory"
159,2009,0,"territory"
159,2010,0,"territory"
159,2011,0,"territory"
159,2012,0,"territory"
159,2013,0,"territory"
159,2014,0.506941519662105,"territory"
159,2015,0.506941519662105,"territory"
161,1996,1.5,"territory"
161,1998,1.5,"territory"
161,2000,1.5,"territory"
161,2002,1.5,"territory"
161,2003,1.5,"territory"
161,2004,0,"territory"
161,2005,0,"territory"
161,2006,0,"territory"
161,2007,0,"territory"
161,2008,0,"territory"
161,2009,0,"territory"
161,2010,0,"territory"
161,2011,0,"territory"
161,2012,0,"territory"
161,2013,0,"territory"
161,2014,0.5,"territory"
161,2015,0.5,"territory"
162,1996,4,"NA"
162,1998,4,"NA"
162,2000,2.66666666666667,"NA"
162,2002,2.66666666666667,"NA"
162,2003,2.66666666666667,"NA"
162,2004,2.66666666666667,"NA"
162,2005,2.66666666666667,"NA"
162,2006,2.66666666666667,"NA"
162,2007,2.66666666666667,"NA"
162,2008,4,"NA"
162,2009,0,"NA"
162,2010,0,"NA"
162,2011,0.666666666666667,"NA"
162,2012,0.666666666666667,"NA"
162,2013,0.666666666666667,"NA"
162,2014,4,"NA"
162,2015,4,"NA"
163,1996,3.04164911797263,"NA"
163,1998,3.04164911797263,"NA"
163,2000,3.04164911797263,"NA"
163,2002,3.04164911797263,"NA"
163,2003,3.04164911797263,"NA"
163,2004,0,"NA"
163,2005,0,"NA"
163,2006,0,"NA"
163,2007,0,"NA"
163,2008,0,"NA"
163,2009,0,"NA"
163,2010,0,"NA"
163,2011,0,"NA"
163,2012,0,"NA"
163,2013,0,"NA"
163,2014,0.506941519662105,"NA"
163,2015,0.506941519662105,"NA"
164,1996,0,"NA"
164,1998,0,"NA"
164,2000,0,"NA"
164,2002,0,"NA"
164,2003,0,"NA"
164,2004,0,"NA"
164,2005,0,"NA"
164,2006,0,"NA"
164,2007,0,"NA"
164,2008,0,"NA"
164,2009,0,"NA"
164,2010,0,"NA"
164,2011,0,"NA"
164,2012,0,"NA"
164,2013,0,"NA"
164,2014,0,"NA"
164,2015,0,"NA"
166,1996,0,"NA"
166,1998,0,"NA"
166,2000,0,"NA"
166,2002,0,"NA"
166,2003,0,"NA"
166,2004,0,"NA"
166,2005,0,"NA"
166,2006,0,"NA"
166,2007,0,"NA"
166,2008,0,"NA"
166,2009,0,"NA"
166,2010,0,"NA"
166,2011,0,"NA"
166,2012,0,"NA"
166,2013,0,"NA"
166,2014,0,"NA"
166,2015,0,"NA"
167,1996,0,"NA"
167,1998,0,"NA"
167,2000,0,"NA"
167,2002,0,"NA"
167,2003,0,"NA"
167,2004,0,"NA"
167,2005,0,"NA"
167,2006,0,"NA"
167,2007,0,"NA"
167,2008,0,"NA"
167,2009,0,"NA"
167,2010,0,"NA"
167,2011,0,"NA"
167,2012,0,"NA"
167,2013,0,"NA"
167,2014,0,"NA"
167,2015,0,"NA"
168,1996,0,"NA"
168,1998,0,"NA"
168,2000,0,"NA"
168,2002,0,"NA"
168,2003,0,"NA"
168,2004,0,"NA"
168,2005,0,"NA"
168,2006,0,"NA"
168,2007,0,"NA"
168,2008,0,"NA"
168,2009,0,"NA"
168,2010,0,"NA"
168,2011,0,"NA"
168,2012,0,"NA"
168,2013,0,"NA"
168,2014,0,"NA"
168,2015,0,"NA"
169,1996,1.5,"NA"
169,1998,1.5,"NA"
169,2000,1.5,"NA"
169,2002,1.5,"NA"
169,2003,1.5,"NA"
169,2004,0,"NA"
169,2005,0,"NA"
169,2006,0,"NA"
169,2007,0,"NA"
169,2008,0,"NA"
169,2009,0,"NA"
169,2010,0,"NA"
169,2011,0,"NA"
169,2012,0,"NA"
169,2013,0,"NA"
169,2014,0.5,"NA"
169,2015,0.5,"NA"
171,1996,0,"NA"
171,1998,0,"NA"
171,2000,0,"NA"
171,2002,0,"NA"
171,2003,0,"NA"
171,2004,0,"NA"
171,2005,0,"NA"
171,2006,0,"NA"
171,2007,0,"NA"
171,2008,0,"NA"
171,2009,0,"NA"
171,2010,0,"NA"
171,2011,0,"NA"
171,2012,0,"NA"
171,2013,0,"NA"
171,2014,0,"NA"
171,2015,0,"NA"
172,1996,0,"NA"
172,1998,0,"NA"
172,2000,0,"NA"
172,2002,0,"NA"
172,2003,0,"NA"
172,2004,0,"NA"
172,2005,0,"NA"
172,2006,0,"NA"
172,2007,0,"NA"
172,2008,0,"NA"
172,2009,0,"NA"
172,2010,0,"NA"
172,2011,0,"NA"
172,2012,0,"NA"
172,2013,0,"NA"
172,2014,0,"NA"
172,2015,0,"NA"
173,1996,0,"NA"
173,1998,0,"NA"
173,2000,0,"NA"
173,2002,0,"NA"
173,2003,0,"NA"
173,2004,0,"NA"
173,2005,0,"NA"
173,2006,0,"NA"
173,2007,0,"NA"
173,2008,0,"NA"
173,2009,0,"NA"
173,2010,0,"NA"
173,2011,0,"NA"
173,2012,0,"NA"
173,2013,0,"NA"
173,2014,0,"NA"
173,2015,0,"NA"
174,1996,0,"NA"
174,1998,0,"NA"
174,2000,0,"NA"
174,2002,0,"NA"
174,2003,0,"NA"
174,2004,0,"NA"
174,2005,0,"NA"
174,2006,0,"NA"
174,2007,0,"NA"
174,2008,0,"NA"
174,2009,0,"NA"
174,2010,0,"NA"
174,2011,0,"NA"
174,2012,0,"NA"
174,2013,0,"NA"
174,2014,0,"NA"
174,2015,0,"NA"
175,1996,3,"NA"
175,1998,3,"NA"
175,2000,3,"NA"
175,2002,3,"NA"
175,2003,3,"NA"
175,2004,3,"NA"
175,2005,3,"NA"
175,2006,3,"NA"
175,2007,3,"NA"
175,2008,3,"NA"
175,2009,0,"NA"
175,2010,0,"NA"
175,2011,0,"NA"
175,2012,0,"NA"
175,2013,0,"NA"
175,2014,0,"NA"
175,2015,0,"NA"
176,1996,0,"NA"
176,1998,0,"NA"
176,2000,0,"NA"
176,2002,0,"NA"
176,2003,0,"NA"
176,2004,0,"NA"
176,2005,0,"NA"
176,2006,0,"NA"
176,2007,0,"NA"
176,2008,0,"NA"
176,2009,0,"NA"
176,2010,0,"NA"
176,2011,0,"NA"
176,2012,0,"NA"
176,2013,0,"NA"
176,2014,0,"NA"
176,2015,0,"NA"
177,1996,5.14285714285714,"NA"
177,1998,5.14285714285714,"NA"
177,2000,5.14285714285714,"NA"
177,2002,5.14285714285714,"NA"
177,2003,5.14285714285714,"NA"
177,2004,0,"NA"
177,2005,0,"NA"
177,2006,0,"NA"
177,2007,0,"NA"
177,2008,0,"NA"
177,2009,0,"NA"
177,2010,0,"NA"
177,2011,0,"NA"
177,2012,0,"NA"
177,2013,0,"NA"
177,2014,4.28571428571429,"NA"
177,2015,4.28571428571429,"NA"
178,1996,0,"NA"
178,1998,0,"NA"
178,2000,0,"NA"
178,2002,0,"NA"
178,2003,0,"NA"
178,2004,0,"NA"
178,2005,0,"NA"
178,2006,0,"NA"
178,2007,0,"NA"
178,2008,0,"NA"
178,2009,0,"NA"
178,2010,0,"NA"
178,2011,0,"NA"
178,2012,0,"NA"
178,2013,0,"NA"
178,2014,0,"NA"
178,2015,0,"NA"
179,1996,1.5,"NA"
179,1998,1.5,"NA"
179,2000,1.5,"NA"
179,2002,1.5,"NA"
179,2003,1.5,"NA"
179,2004,0,"NA"
179,2005,0,"NA"
179,2006,0,"NA"
179,2007,0,"NA"
179,2008,0,"NA"
179,2009,0,"NA"
179,2010,0,"NA"
179,2011,0,"NA"
179,2012,0,"NA"
179,2013,0,"NA"
179,2014,0.5,"NA"
179,2015,0.5,"NA"
180,1996,3,"NA"
180,1998,3,"NA"
180,2000,3,"NA"
180,2002,3,"NA"
180,2003,3,"NA"
180,2004,2,"NA"
180,2005,2,"NA"
180,2006,2,"NA"
180,2007,2,"NA"
180,2008,2,"NA"
180,2009,2,"NA"
180,2010,2,"NA"
180,2011,0,"NA"
180,2012,0,"NA"
180,2013,0,"NA"
180,2014,0.333333333333333,"NA"
180,2015,0.333333333333333,"NA"
181,1996,0,"NA"
181,1998,0,"NA"
181,2000,0,"NA"
181,2002,0,"NA"
181,2003,0,"NA"
181,2004,0,"NA"
181,2005,0,"NA"
181,2006,0,"NA"
181,2007,0,"NA"
181,2008,0,"NA"
181,2009,0,"NA"
181,2010,0,"NA"
181,2011,0,"NA"
181,2012,0,"NA"
181,2013,0,"NA"
181,2014,0,"NA"
181,2015,0,"NA"
182,1996,0,"NA"
182,1998,0,"NA"
182,2000,0,"NA"
182,2002,0,"NA"
182,2003,0,"NA"
182,2004,0,"NA"
182,2005,0,"NA"
182,2006,0,"NA"
182,2007,0,"NA"
182,2008,0,"NA"
182,2009,0,"NA"
182,2010,0,"NA"
182,2011,0,"NA"
182,2012,0,"NA"
182,2013,0,"NA"
182,2014,0,"NA"
182,2015,0,"NA"
183,1996,0,"NA"
183,1998,0,"NA"
183,2000,0,"NA"
183,2002,0,"NA"
183,2003,0,"NA"
183,2004,0,"NA"
183,2005,0,"NA"
183,2006,0,"NA"
183,2007,0,"NA"
183,2008,0,"NA"
183,2009,0,"NA"
183,2010,0,"NA"
183,2011,0,"NA"
183,2012,0,"NA"
183,2013,0,"NA"
183,2014,0,"NA"
183,2015,0,"NA"
184,1996,0,"NA"
184,1998,0,"NA"
184,2000,0,"NA"
184,2002,0,"NA"
184,2003,0,"NA"
184,2004,0,"NA"
184,2005,0,"NA"
184,2006,0,"NA"
184,2007,0,"NA"
184,2008,0,"NA"
184,2009,0,"NA"
184,2010,0,"NA"
184,2011,0,"NA"
184,2012,0,"NA"
184,2013,0,"NA"
184,2014,0,"NA"
184,2015,0,"NA"
185,1996,1,"NA"
185,1998,1,"NA"
185,2000,1,"NA"
185,2002,1,"NA"
185,2003,0,"NA"
185,2004,0,"NA"
185,2005,0,"NA"
185,2006,0,"NA"
185,2007,0,"NA"
185,2008,0,"NA"
185,2009,0,"NA"
185,2010,0,"NA"
185,2011,0,"NA"
185,2012,0,"NA"
185,2013,0,"NA"
185,2014,1,"NA"
185,2015,1,"NA"
186,1996,6,"NA"
186,1998,6,"NA"
186,2000,5,"NA"
186,2002,5,"NA"
186,2003,3,"NA"
186,2004,3,"NA"
186,2005,1,"NA"
186,2006,0,"NA"
186,2007,0,"NA"
186,2008,0,"NA"
186,2009,0,"NA"
186,2010,0,"NA"
186,2011,0,"NA"
186,2012,0,"NA"
186,2013,0,"NA"
186,2014,0,"NA"
186,2015,0,"NA"
187,1996,0,"NA"
187,1998,0,"NA"
187,2000,0,"NA"
187,2002,0,"NA"
187,2003,0,"NA"
187,2004,0,"NA"
187,2005,0,"NA"
187,2006,0,"NA"
187,2007,0,"NA"
187,2008,0,"NA"
187,2009,0,"NA"
187,2010,0,"NA"
187,2011,0,"NA"
187,2012,0,"NA"
187,2013,0,"NA"
187,2014,0,"NA"
187,2015,0,"NA"
188,1996,0,"NA"
188,1998,0,"NA"
188,2000,0,"NA"
188,2002,0,"NA"
188,2003,0,"NA"
188,2004,0,"NA"
188,2005,0,"NA"
188,2006,0,"NA"
188,2007,0,"NA"
188,2008,0,"NA"
188,2009,0,"NA"
188,2010,0,"NA"
188,2011,0,"NA"
188,2012,0,"NA"
188,2013,0,"NA"
188,2014,0,"NA"
188,2015,0,"NA"
189,1996,0,"NA"
189,1998,0,"NA"
189,2000,0,"NA"
189,2002,0,"NA"
189,2003,0,"NA"
189,2004,0,"NA"
189,2005,0,"NA"
189,2006,0,"NA"
189,2007,0,"NA"
189,2008,0,"NA"
189,2009,0,"NA"
189,2010,0,"NA"
189,2011,0,"NA"
189,2012,0,"NA"
189,2013,0,"NA"
189,2014,0,"NA"
189,2015,0,"NA"
190,1996,0,"NA"
190,1998,0,"NA"
190,2000,0,"NA"
190,2002,0,"NA"
190,2003,0,"NA"
190,2004,0,"NA"
190,2005,0,"NA"
190,2006,0,"NA"
190,2007,0,"NA"
190,2008,0,"NA"
190,2009,0,"NA"
190,2010,0,"NA"
190,2011,0,"NA"
190,2012,0,"NA"
190,2013,0,"NA"
190,2014,0,"NA"
190,2015,0,"NA"
191,1996,0,"NA"
191,1998,0,"NA"
191,2000,0,"NA"
191,2002,0,"NA"
191,2003,0,"NA"
191,2004,0,"NA"
191,2005,0,"NA"
191,2006,0,"NA"
191,2007,0,"NA"
191,2008,0,"NA"
191,2009,0,"NA"
191,2010,0,"NA"
191,2011,0,"NA"
191,2012,0,"NA"
191,2013,0,"NA"
191,2014,0,"NA"
191,2015,0,"NA"
192,1996,0,"NA"
192,1998,0,"NA"
192,2000,0,"NA"
192,2002,0,"NA"
192,2003,0,"NA"
192,2004,0,"NA"
192,2005,0,"NA"
192,2006,0,"NA"
192,2007,0,"NA"
192,2008,0,"NA"
192,2009,0,"NA"
192,2010,0,"NA"
192,2011,0,"NA"
192,2012,0,"NA"
192,2013,0,"NA"
192,2014,0,"NA"
192,2015,0,"NA"
193,1996,0,"NA"
193,1998,0,"NA"
193,2000,0,"NA"
193,2002,0,"NA"
193,2003,0,"NA"
193,2004,0,"NA"
193,2005,0,"NA"
193,2006,0,"NA"
193,2007,0,"NA"
193,2008,0,"NA"
193,2009,0,"NA"
193,2010,0,"NA"
193,2011,0,"NA"
193,2012,0,"NA"
193,2013,0,"NA"
193,2014,0,"NA"
193,2015,0,"NA"
194,1996,0,"NA"
194,1998,0,"NA"
194,2000,0,"NA"
194,2002,0,"NA"
194,2003,0,"NA"
194,2004,0,"NA"
194,2005,0,"NA"
194,2006,0,"NA"
194,2007,0,"NA"
194,2008,0,"NA"
194,2009,0,"NA"
194,2010,0,"NA"
194,2011,0,"NA"
194,2012,0,"NA"
194,2013,0,"NA"
194,2014,0,"NA"
194,2015,0,"NA"
195,1996,0,"NA"
195,1998,0,"NA"
195,2000,0,"NA"
195,2002,0,"NA"
195,2003,0,"NA"
195,2004,0,"NA"
195,2005,0,"NA"
195,2006,0,"NA"
195,2007,0,"NA"
195,2008,0,"NA"
195,2009,0,"NA"
195,2010,0,"NA"
195,2011,0,"NA"
195,2012,0,"NA"
195,2013,0,"NA"
195,2014,0,"NA"
195,2015,0,"NA"
196,1996,0,"NA"
196,1998,0,"NA"
196,2000,0,"NA"
196,2002,0,"NA"
196,2003,0,"NA"
196,2004,0,"NA"
196,2005,0,"NA"
196,2006,0,"NA"
196,2007,0,"NA"
196,2008,0,"NA"
196,2009,0,"NA"
196,2010,0,"NA"
196,2011,0,"NA"
196,2012,0,"NA"
196,2013,0,"NA"
196,2014,0,"NA"
196,2015,0,"NA"
197,1996,0,"NA"
197,1998,0,"NA"
197,2000,0,"NA"
197,2002,0,"NA"
197,2003,0,"NA"
197,2004,0,"NA"
197,2005,0,"NA"
197,2006,0,"NA"
197,2007,0,"NA"
197,2008,0,"NA"
197,2009,0,"NA"
197,2010,0,"NA"
197,2011,0,"NA"
197,2012,0,"NA"
197,2013,0,"NA"
197,2014,0,"NA"
197,2015,0,"NA"
198,1996,0,"NA"
198,1998,0,"NA"
198,2000,0,"NA"
198,2002,0,"NA"
198,2003,0,"NA"
198,2004,0,"NA"
198,2005,0,"NA"
198,2006,0,"NA"
198,2007,0,"NA"
198,2008,0,"NA"
198,2009,0,"NA"
198,2010,0,"NA"
198,2011,0,"NA"
198,2012,0,"NA"
198,2013,0,"NA"
198,2014,0,"NA"
198,2015,0,"NA"
199,1996,0,"NA"
199,1998,0,"NA"
199,2000,0,"NA"
199,2002,0,"NA"
199,2003,0,"NA"
199,2004,0,"NA"
199,2005,0,"NA"
199,2006,0,"NA"
199,2007,0,"NA"
199,2008,0,"NA"
199,2009,0,"NA"
199,2010,0,"NA"
199,2011,0,"NA"
199,2012,0,"NA"
199,2013,0,"NA"
199,2014,0,"NA"
199,2015,0,"NA"
200,1996,0,"NA"
200,1998,0,"NA"
200,2000,0,"NA"
200,2002,0,"NA"
200,2003,0,"NA"
200,2004,0,"NA"
200,2005,0,"NA"
200,2006,0,"NA"
200,2007,0,"NA"
200,2008,0,"NA"
200,2009,0,"NA"
200,2010,0,"NA"
200,2011,0,"NA"
200,2012,0,"NA"
200,2013,0,"NA"
200,2014,0,"NA"
200,2015,0,"NA"
202,1996,0,"NA"
202,1998,0,"NA"
202,2000,0,"NA"
202,2002,0,"NA"
202,2003,0,"NA"
202,2004,0,"NA"
202,2005,0,"NA"
202,2006,0,"NA"
202,2007,0,"NA"
202,2008,0,"NA"
202,2009,0,"NA"
202,2010,0,"NA"
202,2011,0,"NA"
202,2012,0,"NA"
202,2013,0,"NA"
202,2014,0,"NA"
202,2015,0,"NA"
203,1996,0,"NA"
203,1998,0,"NA"
203,2000,0,"NA"
203,2002,0,"NA"
203,2003,0,"NA"
203,2004,0,"NA"
203,2005,0,"NA"
203,2006,0,"NA"
203,2007,0,"NA"
203,2008,0,"NA"
203,2009,0,"NA"
203,2010,0,"NA"
203,2011,0,"NA"
203,2012,0,"NA"
203,2013,0,"NA"
203,2014,0,"NA"
203,2015,0,"NA"
204,1996,0,"NA"
204,1998,0,"NA"
204,2000,0,"NA"
204,2002,0,"NA"
204,2003,0,"NA"
204,2004,0,"NA"
204,2005,0,"NA"
204,2006,0,"NA"
204,2007,0,"NA"
204,2008,0,"NA"
204,2009,0,"NA"
204,2010,0,"NA"
204,2011,0,"NA"
204,2012,0,"NA"
204,2013,0,"NA"
204,2014,0,"NA"
204,2015,0,"NA"
205,1996,0,"NA"
205,1998,0,"NA"
205,2000,0,"NA"
205,2002,0,"NA"
205,2003,0,"NA"
205,2004,0,"NA"
205,2005,0,"NA"
205,2006,0,"NA"
205,2007,0,"NA"
205,2008,0,"NA"
205,2009,0,"NA"
205,2010,0,"NA"
205,2011,0,"NA"
205,2012,0,"NA"
205,2013,0,"NA"
205,2014,0,"NA"
205,2015,0,"NA"
206,1996,0,"NA"
206,1998,0,"NA"
206,2000,0,"NA"
206,2002,0,"NA"
206,2003,0,"NA"
206,2004,0,"NA"
206,2005,0,"NA"
206,2006,0,"NA"
206,2007,0,"NA"
206,2008,0,"NA"
206,2009,0,"NA"
206,2010,0,"NA"
206,2011,0,"NA"
206,2012,0,"NA"
206,2013,0,"NA"
206,2014,0,"NA"
206,2015,0,"NA"
207,1996,0,"NA"
207,1998,0,"NA"
207,2000,0,"NA"
207,2002,0,"NA"
207,2003,0,"NA"
207,2004,0,"NA"
207,2005,0,"NA"
207,2006,0,"NA"
207,2007,0,"NA"
207,2008,0,"NA"
207,2009,0,"NA"
207,2010,0,"NA"
207,2011,0,"NA"
207,2012,0,"NA"
207,2013,0,"NA"
207,2014,0,"NA"
207,2015,0,"NA"
208,1996,0,"NA"
208,1998,0,"NA"
208,2000,0,"NA"
208,2002,0,"NA"
208,2003,0,"NA"
208,2004,0,"NA"
208,2005,0,"NA"
208,2006,0,"NA"
208,2007,0,"NA"
208,2008,0,"NA"
208,2009,0,"NA"
208,2010,0,"NA"
208,2011,0,"NA"
208,2012,0,"NA"
208,2013,0,"NA"
208,2014,0,"NA"
208,2015,0,"NA"
209,1996,0,"NA"
209,1998,0,"NA"
209,2000,0,"NA"
209,2002,0,"NA"
209,2003,0,"NA"
209,2004,0,"NA"
209,2005,0,"NA"
209,2006,0,"NA"
209,2007,0,"NA"
209,2008,0,"NA"
209,2009,0,"NA"
209,2010,0,"NA"
209,2011,0,"NA"
209,2012,0,"NA"
209,2013,0,"NA"
209,2014,0,"NA"
209,2015,0,"NA"
210,1996,0,"NA"
210,1998,0,"NA"
210,2000,0,"NA"
210,2002,0,"NA"
210,2003,0,"NA"
210,2004,0,"NA"
210,2005,0,"NA"
210,2006,0,"NA"
210,2007,0,"NA"
210,2008,0,"NA"
210,2009,0,"NA"
210,2010,0,"NA"
210,2011,0,"NA"
210,2012,0,"NA"
210,2013,0,"NA"
210,2014,0,"NA"
210,2015,0,"NA"
212,1996,4,"NA"
212,1998,1,"NA"
212,2000,1,"NA"
212,2002,1,"NA"
212,2003,0,"NA"
212,2004,0,"NA"
212,2005,0,"NA"
212,2006,0,"NA"
212,2007,0,"NA"
212,2008,0,"NA"
212,2009,0,"NA"
212,2010,0,"NA"
212,2011,0,"NA"
212,2012,0,"NA"
212,2013,0,"NA"
212,2014,0,"NA"
212,2015,0,"NA"
214,1996,0,"NA"
214,1998,0,"NA"
214,2000,0,"NA"
214,2002,0,"NA"
214,2003,0,"NA"
214,2004,0,"NA"
214,2005,0,"NA"
214,2006,0,"NA"
214,2007,0,"NA"
214,2008,0,"NA"
214,2009,0,"NA"
214,2010,0,"NA"
214,2011,0,"NA"
214,2012,0,"NA"
214,2013,0,"NA"
214,2014,0,"NA"
214,2015,0,"NA"
215,1996,0,"NA"
215,1998,0,"NA"
215,2000,0,"NA"
215,2002,0,"NA"
215,2003,0,"NA"
215,2004,0,"NA"
215,2005,0,"NA"
215,2006,0,"NA"
215,2007,0,"NA"
215,2008,0,"NA"
215,2009,0,"NA"
215,2010,0,"NA"
215,2011,0,"NA"
215,2012,0,"NA"
215,2013,0,"NA"
215,2014,0,"NA"
215,2015,0,"NA"
216,1996,0,"NA"
216,1998,0,"NA"
216,2000,0,"NA"
216,2002,0,"NA"
216,2003,0,"NA"
216,2004,0,"NA"
216,2005,0,"NA"
216,2006,0,"NA"
216,2007,0,"NA"
216,2008,0,"NA"
216,2009,0,"NA"
216,2010,0,"NA"
216,2011,0,"NA"
216,2012,0,"NA"
216,2013,0,"NA"
216,2014,0,"NA"
216,2015,0,"NA"
218,1996,0,"NA"
218,1998,0,"NA"
218,2000,0,"NA"
218,2002,0,"NA"
218,2003,0,"NA"
218,2004,0,"NA"
218,2005,0,"NA"
218,2006,0,"NA"
218,2007,0,"NA"
218,2008,0,"NA"
218,2009,0,"NA"
218,2010,0,"NA"
218,2011,0,"NA"
218,2012,0,"NA"
218,2013,0,"NA"
218,2014,0,"NA"
218,2015,0,"NA"
219,1996,1.5,"territory"
219,1998,1.5,"territory"
219,2000,1.5,"territory"
219,2002,1.5,"territory"
219,2003,1.5,"territory"
219,2004,0,"territory"
219,2005,0,"territory"
219,2006,0,"territory"
219,2007,0,"territory"
219,2008,0,"territory"
219,2009,0,"territory"
219,2010,0,"territory"
219,2011,0,"territory"
219,2012,0,"territory"
219,2013,0,"territory"
219,2014,0.5,"territory"
219,2015,0.5,"territory"
220,1996,5.14285714285714,"NA"
220,1998,5.14285714285714,"NA"
220,2000,5.14285714285714,"NA"
220,2002,5.14285714285714,"NA"
220,2003,5.14285714285714,"NA"
220,2004,0,"NA"
220,2005,0,"NA"
220,2006,0,"NA"
220,2007,0,"NA"
220,2008,0,"NA"
220,2009,0,"NA"
220,2010,0,"NA"
220,2011,0,"NA"
220,2012,0,"NA"
220,2013,0,"NA"
220,2014,4.28571428571429,"NA"
220,2015,4.28571428571429,"NA"
221,1996,1.5,"territory"
221,1998,1.5,"territory"
221,2000,1.5,"territory"
221,2002,1.5,"territory"
221,2003,1.5,"territory"
221,2004,0,"territory"
221,2005,0,"territory"
221,2006,0,"territory"
221,2007,0,"territory"
221,2008,0,"territory"
221,2009,0,"territory"
221,2010,0,"territory"
221,2011,0,"territory"
221,2012,0,"territory"
221,2013,0,"territory"
221,2014,0.5,"territory"
221,2015,0.5,"territory"
222,1996,0,"NA"
222,1998,0,"NA"
222,2000,0,"NA"
222,2002,0,"NA"
222,2003,0,"NA"
222,2004,0,"NA"
222,2005,0,"NA"
222,2006,0,"NA"
222,2007,0,"NA"
222,2008,0,"NA"
222,2009,0,"NA"
222,2010,0,"NA"
222,2011,0,"NA"
222,2012,0,"NA"
222,2013,0,"NA"
222,2014,0,"NA"
222,2015,0,"NA"
223,1996,0,"NA"
223,1998,0,"NA"
223,2000,0,"NA"
223,2002,0,"NA"
223,2003,0,"NA"
223,2004,0,"NA"
223,2005,0,"NA"
223,2006,0,"NA"
223,2007,0,"NA"
223,2008,0,"NA"
223,2009,0,"NA"
223,2010,0,"NA"
223,2011,0,"NA"
223,2012,0,"NA"
223,2013,0,"NA"
223,2014,0,"NA"
223,2015,0,"NA"
224,1996,0,"NA"
224,1998,0,"NA"
224,2000,0,"NA"
224,2002,0,"NA"
224,2003,0,"NA"
224,2004,0,"NA"
224,2005,0,"NA"
224,2006,0,"NA"
224,2007,0,"NA"
224,2008,0,"NA"
224,2009,0,"NA"
224,2010,0,"NA"
224,2011,0,"NA"
224,2012,0,"NA"
224,2013,0,"NA"
224,2014,0,"NA"
224,2015,0,"NA"
227,1996,3,"NA"
227,1998,3,"NA"
227,2000,3,"NA"
227,2002,3,"NA"
227,2003,3,"NA"
227,2004,2,"NA"
227,2005,2,"NA"
227,2006,2,"NA"
227,2007,2,"NA"
227,2008,2,"NA"
227,2009,2,"NA"
227,2010,2,"NA"
227,2011,0,"NA"
227,2012,0,"NA"
227,2013,0,"NA"
227,2014,0.333333333333333,"NA"
227,2015,0.333333333333333,"NA"
228,1996,3,"NA"
228,1998,3,"NA"
228,2000,3,"NA"
228,2002,3,"NA"
228,2003,3,"NA"
228,2004,2,"NA"
228,2005,2,"NA"
228,2006,2,"NA"
228,2007,2,"NA"
228,2008,2,"NA"
228,2009,2,"NA"
228,2010,2,"NA"
228,2011,0,"NA"
228,2012,0,"NA"
228,2013,0,"NA"
228,2014,0.333333333333333,"NA"
228,2015,0.333333333333333,"NA"
231,1996,6,"NA"
231,1998,6,"NA"
231,2000,3,"NA"
231,2002,0,"NA"
231,2003,0,"NA"
231,2004,0,"NA"
231,2005,0,"NA"
231,2006,0,"NA"
231,2007,0,"NA"
231,2008,0,"NA"
231,2009,0,"NA"
231,2010,0,"NA"
231,2011,0,"NA"
231,2012,0,"NA"
231,2013,0,"NA"
231,2014,0,"NA"
231,2015,0,"NA"
232,1996,0,"NA"
232,1998,0,"NA"
232,2000,0,"NA"
232,2002,0,"NA"
232,2003,0,"NA"
232,2004,0,"NA"
232,2005,0,"NA"
232,2006,0,"NA"
232,2007,0,"NA"
232,2008,0,"NA"
232,2009,0,"NA"
232,2010,0,"NA"
232,2011,0,"NA"
232,2012,0,"NA"
232,2013,0,"NA"
232,2014,0,"NA"
232,2015,0,"NA"
237,1996,6,"territory"
237,1998,6,"territory"
237,2000,3,"territory"
237,2002,0,"territory"
237,2003,0,"territory"
237,2004,0,"territory"
237,2005,0,"territory"
237,2006,0,"territory"
237,2007,0,"territory"
237,2008,0,"territory"
237,2009,0,"territory"
237,2010,0,"territory"
237,2011,0,"territory"
237,2012,0,"territory"
237,2013,0,"territory"
237,2014,0,"territory"
237,2015,0,"territory"
244,1996,5.14285714285714,"NA"
244,1998,5.14285714285714,"NA"
244,2000,5.14285714285714,"NA"
244,2002,5.14285714285714,"NA"
244,2003,5.14285714285714,"NA"
244,2004,0,"NA"
244,2005,0,"NA"
244,2006,0,"NA"
244,2007,0,"NA"
244,2008,0,"NA"
244,2009,0,"NA"
244,2010,0,"NA"
244,2011,0,"NA"
244,2012,0,"NA"
244,2013,0,"NA"
244,2014,4.28571428571429,"NA"
244,2015,4.28571428571429,"NA"
245,1996,5.14285714285714,"NA"
245,1998,5.14285714285714,"NA"
245,2000,5.14285714285714,"NA"
245,2002,5.14285714285714,"NA"
245,2003,5.14285714285714,"NA"
245,2004,0,"NA"
245,2005,0,"NA"
245,2006,0,"NA"
245,2007,0,"NA"
245,2008,0,"NA"
245,2009,0,"NA"
245,2010,0,"NA"
245,2011,0,"NA"
245,2012,0,"NA"
245,2013,0,"NA"
245,2014,4.28571428571429,"NA"
245,2015,4.28571428571429,"NA"
247,1996,0,"NA"
247,1998,0,"NA"
247,2000,0,"NA"
247,2002,0,"NA"
247,2003,0,"NA"
247,2004,0,"NA"
247,2005,0,"NA"
247,2006,0,"NA"
247,2007,0,"NA"
247,2008,0,"NA"
247,2009,0,"NA"
247,2010,0,"NA"
247,2011,0,"NA"
247,2012,0,"NA"
247,2013,0,"NA"
247,2014,0,"NA"
247,2015,0,"NA"
248,1996,5.14285714285714,"NA"
248,1998,5.14285714285714,"NA"
248,2000,5.14285714285714,"NA"
248,2002,5.14285714285714,"NA"
248,2003,5.14285714285714,"NA"
248,2004,0,"NA"
248,2005,0,"NA"
248,2006,0,"NA"
248,2007,0,"NA"
248,2008,0,"NA"
248,2009,0,"NA"
248,2010,0,"NA"
248,2011,0,"NA"
248,2012,0,"NA"
248,2013,0,"NA"
248,2014,4.28571428571429,"NA"
248,2015,4.28571428571429,"NA"
249,1996,5.14285714285714,"NA"
249,1998,5.14285714285714,"NA"
249,2000,5.14285714285714,"NA"
249,2002,5.14285714285714,"NA"
249,2003,5.14285714285714,"NA"
249,2004,0,"NA"
249,2005,0,"NA"
249,2006,0,"NA"
249,2007,0,"NA"
249,2008,0,"NA"
249,2009,0,"NA"
249,2010,0,"NA"
249,2011,0,"NA"
249,2012,0,"NA"
249,2013,0,"NA"
249,2014,4.28571428571429,"NA"
249,2015,4.28571428571429,"NA"
250,1996,5.14285714285714,"NA"
250,1998,5.14285714285714,"NA"
250,2000,5.14285714285714,"NA"
250,2002,5.14285714285714,"NA"
250,2003,5.14285714285714,"NA"
250,2004,0,"NA"
250,2005,0,"NA"
250,2006,0,"NA"
250,2007,0,"NA"
250,2008,0,"NA"
250,2009,0,"NA"
250,2010,0,"NA"
250,2011,0,"NA"
250,2012,0,"NA"
250,2013,0,"NA"
250,2014,4.28571428571429,"NA"
250,2015,4.28571428571429,"NA"
