"ISO3166","WHENCE","SITE","YEAR","VALUE"
"AFG",,,,
"ALA",,,,
"ALB",,,,
"DZA",,,,
"ASM",,,,
"AND",,,,
"AGO",,,,
"AIA",,,,
"ATG",,,,
"ARG","OTHER","Argentina",2003,100
"ARM",,,,
"ABW",,,,
"AUS","OTHER","Australia",2010,5600000
"AUS","OTHER","Australia",1997,5100000
"AUS","WAYCOTT","Urangan",1998,91.48
"AUS","WAYCOTT","Urangan",1999,0
"AUS","WAYCOTT","Urangan",1999,0
"AUS","WAYCOTT","Urangan",2002,92.26
"AUS","WAYCOTT","Northern Great Sandy Strait",1998,1995
"AUS","WAYCOTT","Northern Great Sandy Strait",1999,913.3
"AUS","WAYCOTT","Northern Great Sandy Strait",1999,98.1
"AUS","WAYCOTT","Northern Great Sandy Strait",2002,3712
"AUS","WAYCOTT","Cockburn Sound East",1967,1750
"AUS","WAYCOTT","Cockburn Sound East",1972,310
"AUS","WAYCOTT","Cockburn Sound East",1981,14
"AUS","WAYCOTT","Cockburn Sound East",1994,23
"AUS","WAYCOTT","Cockburn Sound East",1999,13
"AUS","WAYCOTT","Cockburn Sound South",1967,634
"AUS","WAYCOTT","Cockburn Sound South",1972,528
"AUS","WAYCOTT","Cockburn Sound South",1981,283
"AUS","WAYCOTT","Cockburn Sound South",1994,291
"AUS","WAYCOTT","Cockburn Sound South",1999,292
"AUS","WAYCOTT","Cockburn Sound West",1967,545
"AUS","WAYCOTT","Cockburn Sound West",1972,504
"AUS","WAYCOTT","Cockburn Sound West",1981,443
"AUS","WAYCOTT","Cockburn Sound West",1994,372
"AUS","WAYCOTT","Cockburn Sound West",1999,356
"AUS","WAYCOTT","Success Bank East",1965,229.4
"AUS","WAYCOTT","Success Bank East",1972,340.9
"AUS","WAYCOTT","Success Bank East",1982,456.5
"AUS","WAYCOTT","Success Bank East",1995,482.7
"AUS","WAYCOTT","Success Bank Central",1965,53.4
"AUS","WAYCOTT","Success Bank Central",1972,121.9
"AUS","WAYCOTT","Success Bank Central",1982,138.8
"AUS","WAYCOTT","Success Bank Central",1995,94.6
"AUS","WAYCOTT","Success Bank West",1965,224.5
"AUS","WAYCOTT","Success Bank West",1972,297.7
"AUS","WAYCOTT","Success Bank West",1982,382.8
"AUS","WAYCOTT","Success Bank West",1995,458.6
"AUS","WAYCOTT","Parmelia Bank East",1965,487
"AUS","WAYCOTT","Parmelia Bank East",1972,491.5
"AUS","WAYCOTT","Parmelia Bank East",1982,289.2
"AUS","WAYCOTT","Parmelia Bank East",1995,324.1
"AUS","WAYCOTT","Parmelia Bank West",1965,248.1
"AUS","WAYCOTT","Parmelia Bank West",1972,285.2
"AUS","WAYCOTT","Parmelia Bank West",1982,343.6
"AUS","WAYCOTT","Parmelia Bank West",1995,375.1
"AUS","WAYCOTT","Spencer Gulf",1987,15953
"AUS","WAYCOTT","Spencer Gulf",1994,6401
"AUS","WAYCOTT","Tuggerah Lakes",1954,350
"AUS","WAYCOTT","Tuggerah Lakes",1963,4190
"AUS","WAYCOTT","Tuggerah Lakes",1965,3120
"AUS","WAYCOTT","Tuggerah Lakes",1966,2820
"AUS","WAYCOTT","Tuggerah Lakes",1980,1434
"AUS","WAYCOTT","Tuggerah Lakes",1981,1313
"AUS","WAYCOTT","Tuggerah Lakes",1982,1419
"AUS","WAYCOTT","Tuggerah Lakes",1983,1864
"AUS","WAYCOTT","Tuggerah Lakes",1984,1628
"AUS","WAYCOTT","Tuggerah Lakes",1985,1911
"AUS","WAYCOTT","Botany Bay, Northern Shoreline",1930,35
"AUS","WAYCOTT","Botany Bay, Northern Shoreline",1942,93
"AUS","WAYCOTT","Botany Bay, Northern Shoreline",1951,22
"AUS","WAYCOTT","Botany Bay, Northern Shoreline",1961,49
"AUS","WAYCOTT","Botany Bay, Northern Shoreline",1977,16
"AUS","WAYCOTT","Botany Bay, Northern Shoreline",1985,27
"AUS","WAYCOTT","Botany Bay, Southern Shoreline",1942,668
"AUS","WAYCOTT","Botany Bay, Southern Shoreline",1951,567
"AUS","WAYCOTT","Botany Bay, Southern Shoreline",1961,598
"AUS","WAYCOTT","Botany Bay, Southern Shoreline",1970,740
"AUS","WAYCOTT","Botany Bay, Southern Shoreline",1977,483
"AUS","WAYCOTT","Botany Bay, Southern Shoreline",1979,394
"AUS","WAYCOTT","Botany Bay, Southern Shoreline",1982,541
"AUS","WAYCOTT","Botany Bay, Southern Shoreline",1984,516
"AUS","WAYCOTT","Wallis Lake",1988,2374
"AUS","WAYCOTT","Wallis Lake",1991,2184
"AUS","WAYCOTT","Wallis Lake",1995,1856
"AUS","WAYCOTT","Wallis Lake",2002,2078
"AUS","WAYCOTT","Esperance Bay",1956,585
"AUS","WAYCOTT","Esperance Bay",1969,509
"AUS","WAYCOTT","Esperance Bay",1977,428
"AUS","WAYCOTT","Esperance Bay",1989,482
"AUS","WAYCOTT","Esperance Bay",1995,463
"AUS","WAYCOTT","Esperance Bay",2001,453
"AUS","WAYCOTT","Warnbro Sound",1953,273
"AUS","WAYCOTT","Warnbro Sound",1963,263
"AUS","WAYCOTT","Warnbro Sound",1989,265
"AUS","WAYCOTT","Warnbro Sound",1995,223
"AUS","WAYCOTT","Warnbro Sound",2002,200
"AUS","WAYCOTT","Swan-Canning Estuary",1976,563
"AUS","WAYCOTT","Swan-Canning Estuary",1982,593
"AUS","WAYCOTT","Princess Royal Harbour",1960,1440
"AUS","WAYCOTT","Princess Royal Harbour",1988,250
"AUS","WAYCOTT","Oyster Harbour",1960,610
"AUS","WAYCOTT","Oyster Harbour",1988,130
"AUS","WAYCOTT","Rocky Bay",1941,20.44
"AUS","WAYCOTT","Rocky Bay",1972,19.63
"AUS","WAYCOTT","Rocky Bay",1981,19.5
"AUS","WAYCOTT","Rocky Bay",1992,16.83
"AUS","WAYCOTT","Thomson Bay South",1966,34.02
"AUS","WAYCOTT","Thomson Bay South",1992,33.34
"AUS","WAYCOTT","Thomson Bay North",1966,10.12
"AUS","WAYCOTT","Thomson Bay North",1992,9.7
"AUS","WAYCOTT","St Georges Basin",1957,377.9
"AUS","WAYCOTT","St Georges Basin",1970,343.4
"AUS","WAYCOTT","St Georges Basin",1979,351.7
"AUS","WAYCOTT","St Georges Basin",1998,292
"AUS","WAYCOTT","Wagonga Inlet",1957,83.5
"AUS","WAYCOTT","Wagonga Inlet",1982,84.8
"AUS","WAYCOTT","Wagonga Inlet",1999,75.1
"AUS","WAYCOTT","Bermagui River",1957,42.9
"AUS","WAYCOTT","Bermagui River",1979,28.8
"AUS","WAYCOTT","Bermagui River",1998,28.1
"AUS","WAYCOTT","Merimbula Lake",1948,200.9
"AUS","WAYCOTT","Merimbula Lake",1962,226
"AUS","WAYCOTT","Merimbula Lake",1972,192.8
"AUS","WAYCOTT","Merimbula Lake",1977,185.8
"AUS","WAYCOTT","Merimbula Lake",1994,153.7
"AUS","WAYCOTT","Pambula Lake",1948,73.2
"AUS","WAYCOTT","Pambula Lake",1972,59.9
"AUS","WAYCOTT","Pambula Lake",1994,60.2
"AUS","WAYCOTT","Green Isalnd",1936,0.39
"AUS","WAYCOTT","Green Isalnd",1959,1.1
"AUS","WAYCOTT","Green Isalnd",1972,6.5
"AUS","WAYCOTT","Green Isalnd",1992,15.31
"AUS","WAYCOTT","Green Isalnd",1993,22.7
"AUS","WAYCOTT","Green Isalnd",1994,22.9
"AUS","WAYCOTT","Green Isalnd",1997,23
"AUS","WAYCOTT","Port Hacking",1951,183.46
"AUS","WAYCOTT","Port Hacking",1961,140.73
"AUS","WAYCOTT","Port Hacking",1976,72.79
"AUS","WAYCOTT","Port Hacking",1984,99.5
"AUS","WAYCOTT","Port Hacking",1999,81.85
"AUS","WAYCOTT","Western  Port Bay",1973,23000
"AUS","WAYCOTT","Western  Port Bay",1984,5900
"AUS","WAYCOTT","Western  Port Bay",1994,9300
"AUS","WAYCOTT","Western  Port Bay",1999,13200
"AUS","WAYCOTT","Port Philip Bay - Kirk Pt",2000,16.3
"AUS","WAYCOTT","Port Philip Bay - Kirk Pt",2005,29.8
"AUS","WAYCOTT","Port Philip Bay - Pt. Richards",2000,83.4
"AUS","WAYCOTT","Port Philip Bay - Pt. Richards",2005,26.2
"AUS","WAYCOTT","Port Philip Bay - Blairgowrie",2000,5.94
"AUS","WAYCOTT","Port Philip Bay - Blairgowrie",2005,1.66
"AUS","WAYCOTT","Western Port-Rhyll",1999,16
"AUS","WAYCOTT","Western Port-Rhyll",2005,16.2
"AUS","WAYCOTT","Western Port - Scrub Point",1999,108.1
"AUS","WAYCOTT","Western Port - Scrub Point",2005,108.5
"AUS","WAYCOTT","Corner Inlet - Lewis Channel",1998,194.1
"AUS","WAYCOTT","Corner Inlet - Lewis Channel",2005,147.9
"AUS","WAYCOTT","Corner Inlet - Duck Point",1998,136
"AUS","WAYCOTT","Corner Inlet - Duck Point",2005,134.6
"AUS","WAYCOTT","Corner Inlet - Granit Island",1998,240.6
"AUS","WAYCOTT","Corner Inlet - Granit Island",2005,244.1
"AUS","SHORT","Green Island, Queensland",2001,7.97
"AUS","SHORT","Green Island, Queensland",2002,7.65
"AUS","SHORT","Green Island, Queensland",2003,11.54
"AUS","SHORT","Green Island, Queensland",2004,8.27
"AUS","SHORT","Green Island, Queensland",2005,12.15
"AUS","SHORT","Green Island, Queensland",2008,10.82
"AUS","SHORT","Green Island, Queensland",2009,12.41
"AUS","SHORT","Green Island, Queensland",2010,8.95
"AUT",,,,
"AZE",,,,
"BHS","OTHER","Bahamas",2007,6543640
"BHR",,,,
"BGD",,,,
"BRB",,,,
"BLR",,,,
"BEL",,,,
"BLZ","OTHER","Belize",2003,150000
"BLZ","OTHER","Belize",2007,209220
"BLZ","SHORT","Ambergris/ Bacalar Chico MR no-take zone",2010,38.65
"BLZ","SHORT","Ambergris/ Bacalar Chico MR public use zone",2010,0
"BLZ","SHORT","Ambergris/ Hol Chan Marine Reserve",2010,51.19
"BLZ","SHORT","Ambergris/ Hol Chan Marine Reserve",2011,60.94
"BLZ","SHORT","Ambergris/ Hol Chan, San Pedro",2010,32.91
"BLZ","SHORT","Ambergris/ Hol Chan, San Pedro",2011,34.47
"BLZ","SHORT","Caye Caulker Marine Reserve",2010,31.16
"BLZ","SHORT","Caye Caulker Village",2010,0
"BLZ","SHORT","Glovers Reef Atoll",2004,0
"BLZ","SHORT","Glovers Reef Atoll",2005,0
"BLZ","SHORT","Glovers Reef Atoll",2006,4.27
"BLZ","SHORT","Glovers Reef Atoll",2008,20.42
"BLZ","SHORT","Glovers Reef Atoll",2009,17.69
"BLZ","SHORT","Lighthouse Atoll / Blue Hole",2006,9.28
"BLZ","SHORT","Lighthouse Atoll / Blue Hole",2007,5.54
"BLZ","SHORT","Lighthouse Atoll / Blue Hole",2008,11.89
"BLZ","SHORT","Lighthouse Atoll / Blue Hole",2009,13.55
"BLZ","SHORT","Lighthouse Atoll / Half Moon Caye",2006,7.39
"BLZ","SHORT","Lighthouse Atoll / Half Moon Caye",2007,17.6
"BLZ","SHORT","Lighthouse Atoll / Half Moon Caye",2008,16.67
"BLZ","SHORT","Lighthouse Atoll / Half Moon Caye",2009,22.81
"BLZ","SHORT","Placencia Village, Placencia",2003,46.37
"BLZ","SHORT","Placencia Village, Placencia",2004,34.77
"BLZ","SHORT","Placencia Village, Placencia",2005,14.62
"BLZ","SHORT","Placencia Village, Placencia",2006,40.62
"BLZ","SHORT","Placencia Village, Placencia",2007,42.74
"BLZ","SHORT","Placencia Village, Placencia",2008,38.34
"BLZ","SHORT","Placencia Village, Placencia",2009,38.67
"BLZ","SHORT","Placencia Village, Placencia",2010,44.03
"BLZ","SHORT","Punta Gorda / East Snake Caye",2007,18.36
"BLZ","SHORT","Punta Gorda / East Snake Caye",2008,18.53
"BLZ","SHORT","Punta Gorda / East Snake Caye",2009,21.34
"BLZ","SHORT","Punta Gorda / East Snake Caye",2010,19.78
"BLZ","SHORT","Joe Taylor Beach, Punta Gorda",2005,39.03
"BLZ","SHORT","Joe Taylor Beach, Punta Gorda",2007,31.17
"BLZ","SHORT","Joe Taylor Beach, Punta Gorda",2008,36.58
"BLZ","SHORT","Joe Taylor Beach, Punta Gorda",2009,41.43
"BLZ","SHORT","Joe Taylor Beach, Punta Gorda",2010,20.53
"BLZ","SHORT","Bugle Caye, Placencia",2003,21.66
"BLZ","SHORT","Bugle Caye, Placencia",2004,19.84
"BLZ","SHORT","Bugle Caye, Placencia",2005,27.14
"BLZ","SHORT","Bugle Caye, Placencia",2006,22.72
"BLZ","SHORT","Bugle Caye, Placencia",2007,21.94
"BLZ","SHORT","Bugle Caye, Placencia",2008,31.76
"BLZ","SHORT","Bugle Caye, Placencia",2009,31.92
"BLZ","SHORT","Bugle Caye, Placencia",2010,32.77
"BLZ","SHORT","Blackbird Caye, Turneffe",2005,36.94
"BLZ","SHORT","Blackbird Caye, Turneffe",2006,28.55
"BLZ","SHORT","Blackbird Caye, Turneffe",2007,29.24
"BLZ","SHORT","Blackbird Caye, Turneffe",2008,31.23
"BLZ","SHORT","Blackbird Caye, Turneffe",2009,29.14
"BLZ","SHORT","Blackbird Caye, Turneffe",2010,28.46
"BLZ","SHORT","Blackbird Caye, Turneffe",2011,29.92
"BLZ","SHORT","Calabash Caye, Turneffe",2005,35.1
"BLZ","SHORT","Calabash Caye, Turneffe",2006,27.49
"BLZ","SHORT","Calabash Caye, Turneffe",2007,28.14
"BLZ","SHORT","Calabash Caye, Turneffe",2008,35.11
"BLZ","SHORT","Calabash Caye, Turneffe",2009,28.5
"BLZ","SHORT","Calabash Caye, Turneffe",2010,24.09
"BLZ","SHORT","Calabash Caye, Turneffe",2011,26.27
"BEN",,,,
"BMU","WAYCOTT","Bermuda Platform",1997,2100
"BMU","WAYCOTT","Bermuda Platform",2004,1625
"BTN",,,,
"BOL",,,,
"BES","OTHER","Bonaire",2003,200
"BIH",,,,
"BWA",,,,
"BRA","OTHER","Brazil",2003,20000
"BRA","SHORT","Santa Barbara, Abrolhos",2002,13.51
"BRA","SHORT","Santa Barbara, Abrolhos",2003,18.19
"BRA","SHORT","Santa Barbara, Abrolhos",2004,6.81
"BRA","SHORT","Santa Barbara, Abrolhos",2005,6.96
"BRA","SHORT","Tamandare, Pernambuco",2002,22.69
"BRA","SHORT","Tamandare, Pernambuco",2003,30.02
"BRA","SHORT","Tamandare, Pernambuco",2004,20.53
"BRA","SHORT","Cabo Frio, Rio de Janeiro",2002,19.96
"BRA","SHORT","Cabo Frio, Rio de Janeiro",2003,22.4
"BRA","SHORT","Cabo Frio, Rio de Janeiro",2004,16.38
"BRA","SHORT","Cabo Frio, Rio de Janeiro",2005,10.73
"BRA","SHORT","Cabo Frio, Rio de Janeiro",2006,23.55
"BRA","SHORT","Cabo Frio, Rio de Janeiro",2007,25.03
"BRA","SHORT","Cabo Frio, Rio de Janeiro",2008,24.08
"BRA","SHORT","Cabo Frio, Rio de Janeiro",2009,23.7
"BRA","SHORT","Cabo Frio, Rio de Janeiro",2010,14.71
"VGB",,,,
"BRN",,,,
"BGR",,,,
"BFA",,,,
"BDI",,,,
"KHM",,,,
"CMR",,,,
"CAN",,,,
"CPV",,,,
"CYM","OTHER","Grand Cayman",2003,2500
"CYM","WAYCOTT","South Sound, Grand Cayman",1971,121.36
"CYM","WAYCOTT","South Sound, Grand Cayman",1992,175.36
"CAF",,,,
"TCD",,,,
"CHL","OTHER","Chile",2003,200
"CHN","SHORT","Zhulin Bay / Bei Hai",2008,12.53
"CHN","SHORT","Zhulin Bay / Bei Hai",2009,4.55
"CHN","SHORT","Zhulin Bay / Bei Hai",2010,3.2
"CHN","SHORT","Zhulin Bay / Bei Hai",2011,6.27
"HKG",,,,
"MAC",,,,
"COL","WAYCOTT","Cartegena Bay",1945,834.34
"COL","WAYCOTT","Cartegena Bay",1956,253.5
"COL","WAYCOTT","Cartegena Bay",1972,150.09
"COL","WAYCOTT","Cartegena Bay",1991,93.8
"COL","WAYCOTT","Cartegena Bay",2001,76
"COL","SHORT","Bahia de Chengue",2009,42.72
"COL","SHORT","Cartagena / Mangle Is.,San Bernardo NP",2010,10.4
"COL","SHORT","Cartagena / Mangle Is.,San Bernardo NP",2011,22.94
"COL","SHORT","Cartagena / Rosario Island, Rosario NP",2009,43.6
"COL","SHORT","Cartagena / Rosario Island, Rosario NP",2010,12.53
"COL","SHORT","Cartagena / Rosario Island, Rosario NP",2011,46.65
"COL","SHORT","Tayrona National Park",2008,77.79
"COL","SHORT","Tayrona National Park",2009,63.29
"COM",,,,
"COG",,,,
"COK",,,,
"CRI","OTHER","Costa Rica",2003,20
"CIV",,,,
"HRV","SHORT","Zadar / Novigradsko More",2009,0
"HRV","SHORT","Zadar / Novigradsko More",2010,13.76
"HRV","SHORT","Zadar / Novigradsko More",2011,10.25
"CUB","OTHER","Gulf of Mexico coast",1973,274000
"CUW","OTHER","CuraÂao",2003,800
"CYP",,,,
"CZE",,,,
"PRK",,,,
"COD",,,,
"DNK","OTHER","Denmark",1900,672600
"DNK","OTHER","Denmark",1941,47000
"DNK","OTHER","Denmark",2003,168100
"DNK","WAYCOTT","Holmstange",1945,0.3601
"DNK","WAYCOTT","Holmstange",1954,1.1287
"DNK","WAYCOTT","Holmstange",1959,9.718
"DNK","WAYCOTT","Holmstange",1974,10.098
"DNK","WAYCOTT","Holmstange",1981,7.4888
"DNK","WAYCOTT","Holmstange",1986,4.2047
"DNK","WAYCOTT","Holmstange",1992,13.8553
"DNK","WAYCOTT","Holmstange",1995,16.3639
"DNK","WAYCOTT","Boddum Vig",1954,3.0671
"DNK","WAYCOTT","Boddum Vig",1958,5.0023
"DNK","WAYCOTT","Boddum Vig",1975,11.7847
"DNK","WAYCOTT","Boddum Vig",1981,6.7616
"DNK","WAYCOTT","Boddum Vig",1986,9.3079
"DNK","WAYCOTT","Boddum Vig",1992,28.5837
"DNK","WAYCOTT","Boddum Vig",1995,20.5012
"DNK","WAYCOTT","Boddum Vig",1998,17.0408
"DNK","WAYCOTT","Vejie",1954,1.2873
"DNK","WAYCOTT","Vejie",1960,1.6972
"DNK","WAYCOTT","Vejie",1970,4.9942
"DNK","WAYCOTT","Vejie",1977,5.2349
"DNK","WAYCOTT","Vejie",1983,5.1017
"DNK","WAYCOTT","Vejie",1995,3.2058
"DNK","WAYCOTT","Vejie",1999,4.9388
"DNK","WAYCOTT","Amager",1954,138.6405
"DNK","WAYCOTT","Amager",1967,156.8419
"DNK","WAYCOTT","Amager",1974,71.6146
"DNK","WAYCOTT","Amager",1980,117.2306
"DNK","WAYCOTT","Amager",1984,108.0853
"DNK","WAYCOTT","Amager",1989,138.4917
"DNK","WAYCOTT","Amager",1995,92.8247
"DNK","WAYCOTT","Samso",1954,147.3958
"DNK","WAYCOTT","Samso",1969,119.3412
"DNK","WAYCOTT","Samso",1975,115.4546
"DNK","WAYCOTT","Samso",1979,30.3404
"DNK","WAYCOTT","Samso",1983,141.4856
"DNK","WAYCOTT","Samso",1988,146.2929
"DNK","WAYCOTT","Samso",1993,67.1163
"DNK","WAYCOTT","Samso",1994,76.7664
"DNK","WAYCOTT","Samso",1995,81.5897
"DNK","WAYCOTT","Samso",1999,87.3645
"DJI",,,,
"DMA",,,,
"DOM",,,,
"ECU",,,,
"EGY",,,,
"SLV",,,,
"GNQ",,,,
"ERI",,,,
"EST",,,,
"ETH",,,,
"FRO",,,,
"FLK",,,,
"FJI",,,,
"FJI","SHORT","Nukubuco Reef, Suva",2001,36.63
"FJI","SHORT","Nukubuco Reef, Suva",2002,39.58
"FJI","SHORT","Nukubuco Reef, Suva",2003,17.65
"FIN",,,,
"FRA","OTHER","France",2003,11500
"FRA","WAYCOTT","Vaccares Lagoon",1993,4721.61
"FRA","WAYCOTT","Vaccares Lagoon",1997,3851.47
"FRA","WAYCOTT","Vaccares Lagoon",1995,3826.11
"FRA","WAYCOTT","Vaccares Lagoon",1996,3541.93
"FRA","WAYCOTT","Vaccares Lagoon",1997,96.85
"FRA","WAYCOTT","Vaccares Lagoon",1998,1583.78
"FRA","WAYCOTT","Vaccares Lagoon",1999,1599.23
"FRA","WAYCOTT","Vaccares Lagoon",2000,2963.57
"FRA","WAYCOTT","Vaccares Lagoon",2001,4109.8
"FRA","WAYCOTT","Vaccares Lagoon",2002,3975.45
"FRA","WAYCOTT","Vaccares Lagoon",2003,3909.16
"FRA","WAYCOTT","Marseilles",1984,0.67
"FRA","WAYCOTT","Marseilles",1987,0.63
"FRA","WAYCOTT","Marseilles",1991,0.68
"FRA","WAYCOTT","Marseilles",1994,0.7
"FRA","WAYCOTT","Marseilles",1999,0.81
"FRA","WAYCOTT","Vaccares Lagoon",1984,3000
"FRA","WAYCOTT","Vaccares Lagoon",1994,4300
"FRA","WAYCOTT","Urbinu Lagoon",1990,137.2597
"FRA","WAYCOTT","Urbinu Lagoon",1994,106.1578
"FRA","WAYCOTT","Urbinu Lagoon",1996,161.6553
"FRA","WAYCOTT","Urbinu Lagoon",1999,145.8419
"FRA","WAYCOTT","Glenan Archipelago",1932,278.8
"FRA","WAYCOTT","Glenan Archipelago",1952,128.3
"FRA","WAYCOTT","Glenan Archipelago",1961,168.4
"FRA","WAYCOTT","Glenan Archipelago",1967,175.3
"FRA","WAYCOTT","Glenan Archipelago",1969,161.2
"FRA","WAYCOTT","Glenan Archipelago",1976,170.3
"FRA","WAYCOTT","Glenan Archipelago",1978,154.9
"FRA","WAYCOTT","Glenan Archipelago",1982,145.9
"FRA","WAYCOTT","Glenan Archipelago",1987,115.8
"FRA","WAYCOTT","Glenan Archipelago",1990,154.6
"FRA","WAYCOTT","Mourillion",1964,147
"FRA","WAYCOTT","Mourillion",1979,78
"FRA","WAYCOTT","Marseille",1900,471
"FRA","WAYCOTT","Marseille",1994,263
"FRA","WAYCOTT","Glenan Archipelago",1990,250
"FRA","WAYCOTT","Glenan Archipelago",2000,400
"FRA","SHORT","Corsica / Gulf of Calvi",2006,41.62
"FRA","SHORT","Corsica / Gulf of Calvi",2007,61.91
"GUF",,,,
"PYF",,,,
"GAB",,,,
"GMB",,,,
"GEO",,,,
"DEU","OTHER","Germany",2003,17000
"GHA",,,,
"GIB",,,,
"GRC",,,,
"GRL",,,,
"GRD",,,,
"GLP","OTHER","Guadeloupe",2003,8200
"GUM",,,,
"GTM",,,,
"GGY",,,,
"GIN",,,,
"GNB",,,,
"GUY",,,,
"HTI",,,,
"VAT",,,,
"HND",,,,
"HUN",,,,
"ISL",,,,
"IND","OTHER","India",2003,3900
"IND","OTHER","India",1998,8550
"IDN","OTHER","Indonesia",2003,3e+06
"IDN","OTHER","Indonesia",1993,3e+06
"IDN","SHORT","Java/ Kepuh Island, Banten Bay",2008,18.22
"IDN","SHORT","Java/ Kepuh Island, Banten Bay",2009,15.12
"IDN","SHORT","Java/ Kepuh Island, Banten Bay",2010,12.61
"IDN","SHORT","Java/ Lima Island, Banten Bay",2008,7.14
"IDN","SHORT","Java/ Lima Island, Banten Bay",2009,4.94
"IDN","SHORT","Java/ Lima Island, Banten Bay",2010,5.34
"IDN","SHORT","Papagaran, Komodo",2002,29.2
"IDN","SHORT","Papagaran, Komodo",2003,17.5
"IDN","SHORT","Seraya Kecil, Komodo",2002,9.41
"IDN","SHORT","Seraya Kecil, Komodo",2003,8.37
"IDN","SHORT","Seraya Kecil, Komodo",2005,5.31
"IDN","SHORT","Blongko, North Sulawesi",2004,14.19
"IDN","SHORT","Blongko, North Sulawesi",2006,14.59
"IRN",,,,
"IRQ",,,,
"IRL",,,,
"IMN",,,,
"ISR","SHORT","Eilat / Marine Lab",2007,18.84
"ISR","SHORT","Eilat / Marine Lab",2008,22.98
"ITA","OTHER","Italy",2003,23500
"JAM",,,,
"JPN","OTHER","Japan",1978,51500
"JPN","OTHER","Japan",1991,49500
"JPN","WAYCOTT","Japan",1978,51500
"JPN","WAYCOTT","Japan",1991,49500
"JEY",,,,
"JOR",,,,
"KAZ",,,,
"KEN","OTHER","KENYA",2003,3363
"KEN","SHORT","Kenya / Nyali Beach",2006,44.13
"KIR",,,,
"KWT",,,,
"KGZ",,,,
"LAO",,,,
"LVA",,,,
"LBN",,,,
"LSO",,,,
"LBR",,,,
"LBY",,,,
"LIE",,,,
"LTU",,,,
"LUX",,,,
"MDG","SHORT","Andavadoaka / Antsaranasoa",2008,17.07
"MDG","SHORT","Andavadoaka / Antsaranasoa",2009,12.3
"MDG","SHORT","Andavadoaka / Nosy Fasy",2008,24.16
"MDG","SHORT","Bay of Randobe/ Ifaty, Dune Hotel",2007,35.07
"MDG","SHORT","Bay of Randobe/ Ifaty, Dune Hotel",2008,27.2
"MDG","SHORT","Bay of Randobe/ Ifaty, Dune Hotel",2010,23.77
"MDG","SHORT","Bay of Randobe/ Ifaty, Reef Doctor",2007,12.03
"MDG","SHORT","Bay of Randobe/ Ifaty, Reef Doctor",2008,11.86
"MDG","SHORT","Bay of Randobe/ Ifaty, Reef Doctor",2010,10.04
"MWI",,,,
"MYS","OTHER","Malaysia",2003,300
"MYS","SHORT","Kuari Bay, Pulau Gaya, Sabah",2001,26.53
"MYS","SHORT","Kuari Bay, Pulau Gaya, Sabah",2002,15.25
"MYS","SHORT","Kuari Bay, Pulau Gaya, Sabah",2003,21
"MYS","SHORT","Kuari Bay, Pulau Gaya, Sabah",2004,11.29
"MYS","SHORT","Kuari Bay, Pulau Gaya, Sabah",2005,3.13
"MYS","SHORT","Kuari Bay, Pulau Gaya, Sabah",2006,2.01
"MYS","SHORT","Kuari Bay, Pulau Gaya, Sabah",2007,11.2
"MYS","SHORT","Kuari Bay, Pulau Gaya, Sabah",2008,11.43
"MYS","SHORT","Kuari Bay, Pulau Gaya, Sabah",2009,12.86
"MYS","SHORT","Kuari Bay, Pulau Gaya, Sabah",2010,9.21
"MYS","SHORT","Police Beach, Pulau Gaya, Sabah",2001,2.54
"MYS","SHORT","Police Beach, Pulau Gaya, Sabah",2002,3.16
"MYS","SHORT","Police Beach, Pulau Gaya, Sabah",2003,3.25
"MYS","SHORT","Police Beach, Pulau Gaya, Sabah",2004,3.39
"MYS","SHORT","Police Beach, Pulau Gaya, Sabah",2005,0.19
"MYS","SHORT","Police Beach, Pulau Gaya, Sabah",2006,0.32
"MYS","SHORT","Police Beach, Pulau Gaya, Sabah",2007,0.74
"MYS","SHORT","Police Beach, Pulau Gaya, Sabah",2008,3.69
"MYS","SHORT","Police Beach, Pulau Gaya, Sabah",2009,3.79
"MYS","SHORT","Police Beach, Pulau Gaya, Sabah",2010,0.64
"MDV",,,,
"MLI",,,,
"MLT",,,,
"MHL",,,,
"MTQ","OTHER","Martinique",2003,4100
"MRT",,,,
"MUS",,,,
"MYT",,,,
"MEX","OTHER","Mexico",2003,50000
"MEX","WAYCOTT","Bahia San Quintin",1987,2390
"MEX","WAYCOTT","Bahia San Quintin",2000,2069
"MEX","SHORT","San Quintin Bay",2004,54.73
"MEX","SHORT","San Quintin Bay",2005,28.76
"FSM","OTHER","Micronesia",2003,400
"FSM","SHORT","Pohnpei / Sapwitik",2007,31.83
"FSM","SHORT","Yap/Nimpal",2009,10.2
"FSM","SHORT","Yap/Nimpal",2010,14.42
"FSM","SHORT","Lacs, Okat Harbor, Kosrae",2001,23.35
"FSM","SHORT","Lacs, Okat Harbor, Kosrae",2002,20.58
"FSM","SHORT","Lacs, Okat Harbor, Kosrae",2003,21.68
"FSM","SHORT","Lacs, Okat Harbor, Kosrae",2004,19.93
"FSM","SHORT","Lacs, Okat Harbor, Kosrae",2005,22.15
"FSM","SHORT","Lacs, Okat Harbor, Kosrae",2006,19.53
"FSM","SHORT","Lacs, Okat Harbor, Kosrae",2007,21.63
"FSM","SHORT","Lacs, Okat Harbor, Kosrae",2008,25.27
"FSM","SHORT","Lacs, Okat Harbor, Kosrae",2009,25.06
"FSM","SHORT","Lacs, Okat Harbor, Kosrae",2010,21.82
"FSM","SHORT","Lelu, Kosrae",2004,24.32
"FSM","SHORT","Lelu, Kosrae",2005,28.28
"FSM","SHORT","Lelu, Kosrae",2006,27
"FSM","SHORT","Lelu, Kosrae",2007,27.46
"FSM","SHORT","Lelu, Kosrae",2008,26.17
"FSM","SHORT","Lelu, Kosrae",2009,23.27
"FSM","SHORT","Lelu, Kosrae",2010,24.37
"FSM","SHORT","Ipwal, Pohnpei",2004,37.56
"FSM","SHORT","Ipwal, Pohnpei",2005,36.77
"FSM","SHORT","Ipwal, Pohnpei",2007,37.58
"FSM","SHORT","Ipwal, Pohnpei",2008,37.43
"FSM","SHORT","Ipwal, Pohnpei",2009,35.99
"FSM","SHORT","Ipwal, Pohnpei",2010,38.03
"FSM","SHORT","South Pohnpei",2001,19.78
"FSM","SHORT","South Pohnpei",2002,21.36
"FSM","SHORT","South Pohnpei",2003,20.34
"FSM","SHORT","South Pohnpei",2004,26.36
"FSM","SHORT","South Pohnpei",2007,44.45
"FSM","SHORT","South Pohnpei",2008,36.46
"FSM","SHORT","South Pohnpei",2009,46.47
"FSM","SHORT","South Pohnpei",2010,50.19
"MCO",,,,
"MNG",,,,
"MNE",,,,
"MSR",,,,
"MAR",,,,
"MOZ","OTHER","Mozambique",2003,43900
"MMR",,,,
"NAM",,,,
"NRU",,,,
"NPL",,,,
"NLD","WAYCOTT","Paap",1994,27
"NLD","WAYCOTT","Paap",1995,64
"NLD","WAYCOTT","Paap",1996,159
"NLD","WAYCOTT","Paap",1997,114
"NLD","WAYCOTT","De Keeg-De Ans",1972,15
"NLD","WAYCOTT","De Keeg-De Ans",1987,23
"NLD","WAYCOTT","Hoorn",1972,115
"NLD","WAYCOTT","Hoorn",1987,84
"NLD","WAYCOTT","Linthorst Homanpolder",1972,0
"NLD","WAYCOTT","Linthorst Homanpolder",1987,75
"NLD","WAYCOTT","Emmapolder",1972,0
"NLD","WAYCOTT","Emmapolder",1987,77
"NLD","WAYCOTT","Balgzand",1972,12
"NLD","WAYCOTT","Balgzand",1987,1
"NCL",,,,
"NZL","OTHER","New Zealand",2003,4400
"NZL","WAYCOTT","Whangamata Harbor",1944,79
"NZL","WAYCOTT","Whangamata Harbor",1998,60
"NZL","WAYCOTT","Tauranga Harbour",1959,8617.65
"NZL","WAYCOTT","Tauranga Harbour",1996,2930
"NIC","OTHER","Nicaragua",2003,240
"NER",,,,
"NGA",,,,
"NIU",,,,
"NFK",,,,
"MNP",,,,
"NOR",,,,
"PSE",,,,
"OMN",,,,
"PAK",,,,
"PLW","SHORT","Ngchesar, Babelthraup",2004,10.37
"PLW","SHORT","Ngchesar, Babelthraup",2005,10.76
"PLW","SHORT","Ngchesar, Babelthraup",2006,10.11
"PLW","SHORT","Ngchesar, Babelthraup",2007,6.05
"PLW","SHORT","Ngchesar, Babelthraup",2008,6.31
"PLW","SHORT","Ngchesar, Babelthraup",2009,9.77
"PLW","SHORT","Ngchesar, Babelthraup",2010,12.59
"PLW","SHORT","Ngermiid, Koror",2001,12.42
"PLW","SHORT","Ngermiid, Koror",2002,9.41
"PLW","SHORT","Ngermiid, Koror",2003,12.39
"PLW","SHORT","Ngermiid, Koror",2004,3.81
"PLW","SHORT","Ngermiid, Koror",2005,5.29
"PLW","SHORT","Ngermiid, Koror",2006,3.55
"PLW","SHORT","Ngermiid, Koror",2007,2.53
"PLW","SHORT","Ngermiid, Koror",2008,2.62
"PLW","SHORT","Ngermiid, Koror",2009,2.56
"PLW","SHORT","Ngermiid, Koror",2010,3.66
"PAN",,,,
"PNG","SHORT","Nusa, Kavieng",2001,13.68
"PNG","SHORT","Nusa, Kavieng",2002,13.62
"PNG","SHORT","Nusa, Kavieng",2003,14.88
"PNG","SHORT","Nusa, Kavieng",2004,11.77
"PNG","SHORT","Sivasat, Kavieng",2001,13.99
"PNG","SHORT","Sivasat, Kavieng",2002,16.79
"PRY",,,,
"PER",,,,
"PHL","OTHER","Philippines",2003,97800
"PHL","OTHER","4 principalities",2009,367
"PHL","SHORT","Bolinao/ Ilog Malino w/coal, Pangasinan",2008,7.28
"PHL","SHORT","Bolinao/ Ilog Malino w/coal, Pangasinan",2009,8.51
"PHL","SHORT","Bolinao/ Ilog Malino, Pangasinan",2008,15.99
"PHL","SHORT","Bolinao/ Ilog Malino, Pangasinan",2009,13.81
"PHL","SHORT","Camudmud",2010,5.56
"PHL","SHORT","Guimaras / East Igang Bay, Iloilo",2008,14.39
"PHL","SHORT","Guimaras / East Igang Bay, Iloilo",2009,8.71
"PHL","SHORT","Guimaras / East Igang Bay, Iloilo",2010,8.12
"PHL","SHORT","Guimaras / West Igang Bay, Iloilo",2008,18.65
"PHL","SHORT","Guimaras / West Igang Bay, Iloilo",2009,14.83
"PHL","SHORT","Guimaras / West Igang Bay, Iloilo",2010,18.34
"PHL","SHORT","Paniquian, Mindoro",2001,11.3
"PHL","SHORT","Paniquian, Mindoro",2002,12.53
"PHL","SHORT","Paniquian, Mindoro",2003,13.25
"PHL","SHORT","Paniquian, Mindoro",2004,10.78
"PHL","SHORT","Paniquian, Mindoro",2005,7.92
"PHL","SHORT","Paniquian, Mindoro",2008,13.91
"PHL","SHORT","Paniquian, Mindoro",2009,12.42
"PHL","SHORT","Sabang, Mindoro",2001,14.22
"PHL","SHORT","Sabang, Mindoro",2002,13.81
"PHL","SHORT","Sabang, Mindoro",2003,12.25
"PHL","SHORT","Sabang, Mindoro",2004,10.8
"PHL","SHORT","Sabang, Mindoro",2005,6.39
"PHL","SHORT","Sabang, Mindoro",2008,11.55
"PHL","SHORT","Sabang, Mindoro",2009,11.78
"PHL","SHORT","Samal Island",2010,6.87
"PCN",,,,
"POL",,,,
"PRT","WAYCOTT","Mondego Estuary (South Arm)",1986,15
"PRT","WAYCOTT","Mondego Estuary (South Arm)",1993,1.6
"PRT","WAYCOTT","Mondego Estuary (South Arm)",1997,0.02
"PRT","WAYCOTT","Mondego Estuary (South Arm)",2000,0.9
"PRT","WAYCOTT","Mondego Estuary (South Arm)",2002,1.6
"PRT","WAYCOTT","Ria Formosa",1940,7.1
"PRT","WAYCOTT","Ria Formosa",1980,6
"PRT","WAYCOTT","Ria Formosa",1989,7.9
"PRT","WAYCOTT","Ria Formosa",1996,50.1
"PRT","WAYCOTT","Ria Formosa",1998,20.7
"PRT","WAYCOTT","Canal de Ovar",1984,800
"PRT","WAYCOTT","Canal de Ovar",2003,10
"PRT","WAYCOTT","Portinho da Rabida",1983,30
"PRT","WAYCOTT","Portinho da Rabida",2005,0.01
"PRT","SHORT","Faro/Ria Formosa impacted",2009,55.62
"PRT","SHORT","Faro/Ria Formosa impacted",2010,45.43
"PRT","SHORT","Faro/Ria Formosa impacted",2011,38.78
"PRT","SHORT","Faro/Ria Formosa reference",2009,59.31
"PRT","SHORT","Faro/Ria Formosa reference",2010,58.16
"PRT","SHORT","Faro/Ria Formosa reference",2011,62.09
"PRI","OTHER","Puerto Rico",2003,27.68
"QAT",,,,
"KOR","OTHER","Korea",2003,7000
"KOR","OTHER","West coast",2008,70.3
"KOR","WAYCOTT","Kaduk Island",1980,1360
"KOR","WAYCOTT","Kaduk Island",1990,0
"KOR","SHORT","Koje Bay",2008,59.52
"KOR","SHORT","Koje Bay",2009,41.2
"MDA",,,,
"REU",,,,
"ROU",,,,
"RUS",,,,
"RWA",,,,
"BLM",,,,
"SHN",,,,
"KNA",,,,
"LCA",,,,
"MAF",,,,
"SPM",,,,
"VCT",,,,
"WSM",,,,
"SMR",,,,
"STP",,,,
"SAU","OTHER","Saudi Arabia",2003,37000
"SEN",,,,
"SRB",,,,
"SYC",,,,
"SLE",,,,
"SGP",,,,
"SXM",,,,
"SVK",,,,
"SVN",,,,
"SLB",,,,
"SOM",,,,
"ZAF","WAYCOTT","Kromme Estuary",1942,1.16
"ZAF","WAYCOTT","Kromme Estuary",1961,6.02
"ZAF","WAYCOTT","Kromme Estuary",1975,6.08
"ZAF","WAYCOTT","Kromme Estuary",1979,6.13
"ZAF","WAYCOTT","Kromme Estuary",1985,9.92
"ZAF","WAYCOTT","Kromme Estuary",1986,9.78
"ZAF","WAYCOTT","Kromme Estuary",1988,11.65
"ZAF","WAYCOTT","Kromme Estuary",1989,12.2
"ESP","OTHER","Spain",2003,11500
"ESP","WAYCOTT","Cala Millo",1956,259.4
"ESP","WAYCOTT","Cala Millo",2001,213.7
"ESP","WAYCOTT","Calvia",1956,313.1
"ESP","WAYCOTT","Calvia",2001,121.7
"ESP","WAYCOTT","Hornillo Bay",1988,40
"ESP","WAYCOTT","Hornillo Bay",1994,18.85
"ESP","WAYCOTT","Hornillo Bay",1998,18.85
"ESP","WAYCOTT","Medes Islands",1984,9
"ESP","WAYCOTT","Medes Islands",1994,9
"ESP","WAYCOTT","Medes Islands",2001,9
"LKA",,,,
"SDN",,,,
"SUR",,,,
"SJM",,,,
"SWZ",,,,
"SWE","OTHER","Sweden",1980,2000
"SWE","OTHER","Sweden",2000,840
"SWE","WAYCOTT","Stromstad",1980,190
"SWE","WAYCOTT","Stromstad",2000,107
"SWE","WAYCOTT","Lysekil",1980,167
"SWE","WAYCOTT","Lysekil",2000,163
"SWE","WAYCOTT","Udevalla",1980,384
"SWE","WAYCOTT","Udevalla",2000,104
"SWE","WAYCOTT","Stenungsund",1980,290
"SWE","WAYCOTT","Stenungsund",2000,236
"SWE","WAYCOTT","Kungalv",1980,794
"SWE","WAYCOTT","Kungalv",2000,146
"SWE","WAYCOTT","Sweden West Coast",1980,2000
"SWE","WAYCOTT","Sweden West Coast",2000,840
"CHE",,,,
"SYR",,,,
"TJK",,,,
"THA","OTHER","Thailand",2003,9400
"THA","SHORT","Phetra PT01, Lidee Lek Island",2006,52.7
"THA","SHORT","Phetra PT01, Lidee Lek Island",2007,23.75
"THA","SHORT","Phetra PT01, Lidee Lek Island",2008,30.79
"THA","SHORT","Phetra PT01, Lidee Lek Island",2009,14.65
"THA","SHORT","Phetra PT02, Lidee Yai Island",2006,50.15
"THA","SHORT","Phetra PT02, Lidee Yai Island",2007,47.92
"THA","SHORT","Phetra PT02, Lidee Yai Island",2008,42.22
"THA","SHORT","Phetra PT02, Lidee Yai Island",2009,54.52
"THA","SHORT","Phetra PT03, Lidee Yai Island",2006,35.07
"THA","SHORT","Phetra PT03, Lidee Yai Island",2007,32.43
"THA","SHORT","Phetra PT03, Lidee Yai Island",2008,23.9
"THA","SHORT","Phetra PT03, Lidee Yai Island",2009,22.71
"THA","SHORT","Phetra PT03, Lidee Yai Island",2009,27.49
"THA","SHORT","Tarutao TT01, Talowaw Bay",2007,5.65
"THA","SHORT","Tarutao TT02, Talowaw Bay",2007,45.9
"THA","SHORT","Trang / Haad Chao Mai Marine Park",2006,12.87
"THA","SHORT","Trang / Haad Chao Mai Marine Park",2007,14.28
"THA","SHORT","Trang / Haad Chao Mai Marine Park",2008,13.08
"THA","SHORT","Trang / Haad Chao Mai Marine Park",2009,17.47
"THA","SHORT","Trang / Ko Muk",2006,13.76
"THA","SHORT","Trang / Ko Muk",2007,13.19
"THA","SHORT","Trang / Ko Muk",2008,15.08
"THA","SHORT","Trang / Ko Muk",2009,14.1
"MKD",,,,
"TLS",,,,
"TGO",,,,
"TKL",,,,
"TON",,,,
"TTO","OTHER","Tobago only",2003,100
"TUN",,,,
"TUR",,,,
"TKM",,,,
"TCA",,,,
"TUV",,,,
"UGA",,,,
"UKR",,,,
"ARE","OTHER","UAE",2003,550000
"GBR","OTHER","UK",2003,5189
"TZA","SHORT","Zanzibar / Chumbe",2006,13.38
"TZA","SHORT","Zanzibar / Chumbe",2007,14.06
"TZA","SHORT","Zanzibar / Chumbe",2008,13.75
"TZA","SHORT","Zanzibar / Chumbe",2009,11.58
"TZA","SHORT","Zanzibar / Chumbe",2010,11.38
"TZA","SHORT","Zanzibar / Chumbe",2011,8.36
"USA","WAYCOTT","Chincoteague Bay",1986,2100
"USA","WAYCOTT","Chincoteague Bay",1987,2300
"USA","WAYCOTT","Chincoteague Bay",1989,2200
"USA","WAYCOTT","Chincoteague Bay",1990,2300
"USA","WAYCOTT","Chincoteague Bay",1991,2600
"USA","WAYCOTT","Chincoteague Bay",1992,3200
"USA","WAYCOTT","Chincoteague Bay",1993,3400
"USA","WAYCOTT","Chincoteague Bay",1994,3700
"USA","WAYCOTT","Chincoteague Bay",1995,3400
"USA","WAYCOTT","Chincoteague Bay",1996,4000
"USA","WAYCOTT","Chincoteague Bay",1997,5000
"USA","WAYCOTT","Chincoteague Bay",1998,5500
"USA","WAYCOTT","Chincoteague Bay",1999,6300
"USA","WAYCOTT","Chincoteague Bay",2000,6900
"USA","WAYCOTT","Chincoteague Bay",2001,6794
"USA","WAYCOTT","Chincoteague Bay",2002,6300
"USA","WAYCOTT","Chincoteague Bay",2003,6220
"USA","WAYCOTT","Sinepuxent Bay",1986,29
"USA","WAYCOTT","Sinepuxent Bay",1987,75
"USA","WAYCOTT","Sinepuxent Bay",1989,132
"USA","WAYCOTT","Sinepuxent Bay",1990,180
"USA","WAYCOTT","Sinepuxent Bay",1991,180
"USA","WAYCOTT","Sinepuxent Bay",1992,200
"USA","WAYCOTT","Sinepuxent Bay",1993,230
"USA","WAYCOTT","Sinepuxent Bay",1994,280
"USA","WAYCOTT","Sinepuxent Bay",1995,230
"USA","WAYCOTT","Sinepuxent Bay",1996,350
"USA","WAYCOTT","Sinepuxent Bay",1997,420
"USA","WAYCOTT","Sinepuxent Bay",1998,480
"USA","WAYCOTT","Sinepuxent Bay",1999,650
"USA","WAYCOTT","Sinepuxent Bay",2000,690
"USA","WAYCOTT","Sinepuxent Bay",2001,680
"USA","WAYCOTT","Sinepuxent Bay",2002,743
"USA","WAYCOTT","Sinepuxent Bay",2003,696
"USA","WAYCOTT","Southern Delmarva Coastal Bays",2001,20
"USA","WAYCOTT","Southern Delmarva Coastal Bays",2002,85
"USA","WAYCOTT","Southern Delmarva Coastal Bays",2003,158
"USA","WAYCOTT","Tampa Bay",,30970
"USA","WAYCOTT","Tampa Bay",1950,16448
"USA","WAYCOTT","Tampa Bay",1982,8764
"USA","WAYCOTT","Tampa Bay",1988,9427
"USA","WAYCOTT","Tampa Bay",1990,10213
"USA","WAYCOTT","Tampa Bay",1992,10426
"USA","WAYCOTT","Tampa Bay",1994,10736
"USA","WAYCOTT","Tampa Bay",1996,10897
"USA","WAYCOTT","Tampa Bay",1999,10057
"USA","WAYCOTT","Tampa Bay",2002,10558
"USA","WAYCOTT","Tampa Bay",2004,10941
"USA","WAYCOTT","Tampa Bay",2006,11466
"USA","WAYCOTT","Upper Charlotte Harbor",1982,7369
"USA","WAYCOTT","Upper Charlotte Harbor",1988,7507
"USA","WAYCOTT","Upper Charlotte Harbor",1992,7216
"USA","WAYCOTT","Upper Charlotte Harbor",1993,7532
"USA","WAYCOTT","Upper Charlotte Harbor",1996,7781
"USA","WAYCOTT","Upper Charlotte Harbor",1999,7224
"USA","WAYCOTT","Upper Charlotte Harbor",2002,7381
"USA","WAYCOTT","Saratosa Bay",1950,4886
"USA","WAYCOTT","Saratosa Bay",1987,3476
"USA","WAYCOTT","Saratosa Bay",1993,3865
"USA","WAYCOTT","Saratosa Bay",1995,4158
"USA","WAYCOTT","Saratosa Bay",1998,3701
"USA","WAYCOTT","Saratosa Bay",2001,3668
"USA","WAYCOTT","Maquoit Bay",1993,373.2
"USA","WAYCOTT","Maquoit Bay",,535.5
"USA","WAYCOTT","Maquoit Bay",2001,570.1
"USA","WAYCOTT","Hillsborough Bay",1987,0.00112885
"USA","WAYCOTT","Hillsborough Bay",1987,0.00034993
"USA","WAYCOTT","Hillsborough Bay",1987,0.00116875
"USA","WAYCOTT","Hillsborough Bay",1988,0.00024182
"USA","WAYCOTT","Hillsborough Bay",1988,0.00776219
"USA","WAYCOTT","Hillsborough Bay",1988,0.01484461
"USA","WAYCOTT","Hillsborough Bay",1989,0.01828509
"USA","WAYCOTT","Hillsborough Bay",1989,0.02929817
"USA","WAYCOTT","Hillsborough Bay",1989,0.04191263
"USA","WAYCOTT","Middle Tampa Bay",1986,48
"USA","WAYCOTT","Middle Tampa Bay",1989,98
"USA","WAYCOTT","Izembek Lagoon",1978,15067
"USA","WAYCOTT","Izembek Lagoon",1987,15915
"USA","WAYCOTT","Izembek Lagoon",1995,15951
"USA","WAYCOTT","Hamblin Pond, Waquoit Bay",1987,17.3
"USA","WAYCOTT","Hamblin Pond, Waquoit Bay",1988,19.3
"USA","WAYCOTT","Hamblin Pond, Waquoit Bay",1989,14.6
"USA","WAYCOTT","Hamblin Pond, Waquoit Bay",1992,10.1
"USA","WAYCOTT","Hamblin Pond, Waquoit Bay",1997,6.5
"USA","WAYCOTT","Eel Pond, Waquoit Bay",1987,14.3
"USA","WAYCOTT","Eel Pond, Waquoit Bay",1988,13.3
"USA","WAYCOTT","Eel Pond, Waquoit Bay",1989,12.1
"USA","WAYCOTT","Eel Pond, Waquoit Bay",1992,6.2
"USA","WAYCOTT","Eel Pond, Waquoit Bay",1994,0.66
"USA","WAYCOTT","Eel Pond, Waquoit Bay",2000,0
"USA","WAYCOTT","Jehu Pond, Waquoit Bay",1987,11.8
"USA","WAYCOTT","Jehu Pond, Waquoit Bay",1988,9.6
"USA","WAYCOTT","Jehu Pond, Waquoit Bay",1989,4.3
"USA","WAYCOTT","Jehu Pond, Waquoit Bay",1992,4.5
"USA","WAYCOTT","Jehu Pond, Waquoit Bay",1997,2
"USA","WAYCOTT","Central Basin, Waquoit Bay",1987,23.2
"USA","WAYCOTT","Central Basin, Waquoit Bay",1988,9.7
"USA","WAYCOTT","Central Basin, Waquoit Bay",1989,12.6
"USA","WAYCOTT","Central Basin, Waquoit Bay",1992,5.8
"USA","WAYCOTT","Great River, Waquoit Bay",1987,14.4
"USA","WAYCOTT","Great River, Waquoit Bay",1988,10.4
"USA","WAYCOTT","Great River, Waquoit Bay",1989,6
"USA","WAYCOTT","Great River, Waquoit Bay",1992,4.2
"USA","WAYCOTT","Tim's Pond, Waquoit Bay",1987,2.4
"USA","WAYCOTT","Tim's Pond, Waquoit Bay",1988,2.3
"USA","WAYCOTT","Tim's Pond, Waquoit Bay",1989,2.3
"USA","WAYCOTT","Tim's Pond, Waquoit Bay",1992,2.6
"USA","WAYCOTT","Offshore, Waquoit Bay",1987,1
"USA","WAYCOTT","Offshore, Waquoit Bay",1988,0.9
"USA","WAYCOTT","Offshore, Waquoit Bay",1989,0.8
"USA","WAYCOTT","Offshore, Waquoit Bay",1992,0.9
"USA","WAYCOTT","Ninigret Pond",1960,5.2
"USA","WAYCOTT","Ninigret Pond",1974,4.4
"USA","WAYCOTT","Ninigret Pond",1980,3.3
"USA","WAYCOTT","Ninigret Pond",1992,3.1
"USA","WAYCOTT","Puget Sound",2000,14470
"USA","WAYCOTT","Puget Sound",2001,20990
"USA","WAYCOTT","Puget Sound",2002,20390
"USA","WAYCOTT","Puget Sound",2003,20620
"USA","WAYCOTT","Puget Sound",2004,20140
"USA","WAYCOTT","Indian River Lagoon Segment SV",1943,305
"USA","WAYCOTT","Indian River Lagoon Segment SV",1986,43.2
"USA","WAYCOTT","Indian River Lagoon Segment SV",1989,34.8
"USA","WAYCOTT","Indian River Lagoon Segment SV",1992,67.1
"USA","WAYCOTT","Indian River Lagoon Segment SV",1994,61.7
"USA","WAYCOTT","Indian River Lagoon Segment SV",1996,119.8
"USA","WAYCOTT","Indian River Lagoon Segment SV",1999,205.3
"USA","WAYCOTT","Indian River Lagoon Segment SV",2001,214.9
"USA","WAYCOTT","Indian River Lagoon Segment SV",2003,241.7
"USA","WAYCOTT","Indian River Lagoon Segment SV",2005,252
"USA","WAYCOTT","Lagoon Segment NV",1943,233
"USA","WAYCOTT","Lagoon Segment NV",1986,18
"USA","WAYCOTT","Lagoon Segment NV",1989,47.1
"USA","WAYCOTT","Lagoon Segment NV",1992,29.9
"USA","WAYCOTT","Lagoon Segment NV",1994,92.5
"USA","WAYCOTT","Lagoon Segment NV",1996,134.3
"USA","WAYCOTT","Lagoon Segment NV",1999,194.5
"USA","WAYCOTT","Lagoon Segment NV",2001,220.4
"USA","WAYCOTT","Lagoon Segment NV",2003,242.3
"USA","WAYCOTT","Lagoon Segment NV",2005,245
"USA","WAYCOTT","Indian River Lagoon Segment MP",1943,411.8
"USA","WAYCOTT","Indian River Lagoon Segment MP",1986,243.8
"USA","WAYCOTT","Indian River Lagoon Segment MP",1989,240.8
"USA","WAYCOTT","Indian River Lagoon Segment MP",1992,246.5
"USA","WAYCOTT","Indian River Lagoon Segment MP",1994,152.4
"USA","WAYCOTT","Indian River Lagoon Segment MP",1996,240.5
"USA","WAYCOTT","Indian River Lagoon Segment MP",1999,243.1
"USA","WAYCOTT","Indian River Lagoon Segment MP",2001,264.5
"USA","WAYCOTT","Indian River Lagoon Segment MP",2003,267.8
"USA","WAYCOTT","Indian River Lagoon Segment MP",2005,269.5
"USA","WAYCOTT","Lower Laguna Madre",1965,66608
"USA","WAYCOTT","Lower Laguna Madre",1974,54468
"USA","WAYCOTT","Lower Laguna Madre",1988,55437
"USA","WAYCOTT","Turkey Point",1967,20.2
"USA","WAYCOTT","Turkey Point",1968,13.1
"USA","WAYCOTT","Turkey Point",1969,0
"USA","WAYCOTT","CB5MH - Chesapeak Bay",1984,270
"USA","WAYCOTT","CB5MH - Chesapeak Bay",1985,172
"USA","WAYCOTT","CB5MH - Chesapeak Bay",1986,203
"USA","WAYCOTT","CB5MH - Chesapeak Bay",1987,321
"USA","WAYCOTT","CB5MH - Chesapeak Bay",1989,490
"USA","WAYCOTT","CB5MH - Chesapeak Bay",1990,608
"USA","WAYCOTT","CB5MH - Chesapeak Bay",1991,635
"USA","WAYCOTT","CB5MH - Chesapeak Bay",1992,778
"USA","WAYCOTT","CB5MH - Chesapeak Bay",1993,813
"USA","WAYCOTT","CB5MH - Chesapeak Bay",1994,757
"USA","WAYCOTT","CB5MH - Chesapeak Bay",1995,703
"USA","WAYCOTT","CB5MH - Chesapeak Bay",1996,709
"USA","WAYCOTT","CB5MH - Chesapeak Bay",1997,667
"USA","WAYCOTT","CB5MH - Chesapeak Bay",1998,659
"USA","WAYCOTT","CB5MH - Chesapeak Bay",1999,640
"USA","WAYCOTT","CB5MH - Chesapeak Bay",2000,725
"USA","WAYCOTT","CB5MH - Chesapeak Bay",2001,944
"USA","WAYCOTT","CB5MH - Chesapeak Bay",2002,1120
"USA","WAYCOTT","CB5MH - Chesapeak Bay",2003,352
"USA","WAYCOTT","CB5MH - Chesapeak Bay",2004,742
"USA","WAYCOTT","CB5MH - Chesapeak Bay",2005,997
"USA","WAYCOTT","CB6PH - Chesapeake Bay",1984,305
"USA","WAYCOTT","CB6PH - Chesapeake Bay",1985,328
"USA","WAYCOTT","CB6PH - Chesapeake Bay",1986,322
"USA","WAYCOTT","CB6PH - Chesapeake Bay",1987,242
"USA","WAYCOTT","CB6PH - Chesapeake Bay",1989,351
"USA","WAYCOTT","CB6PH - Chesapeake Bay",1990,373
"USA","WAYCOTT","CB6PH - Chesapeake Bay",1991,396
"USA","WAYCOTT","CB6PH - Chesapeake Bay",1992,467
"USA","WAYCOTT","CB6PH - Chesapeake Bay",1993,512
"USA","WAYCOTT","CB6PH - Chesapeake Bay",1994,454
"USA","WAYCOTT","CB6PH - Chesapeake Bay",1995,431
"USA","WAYCOTT","CB6PH - Chesapeake Bay",1996,396
"USA","WAYCOTT","CB6PH - Chesapeake Bay",1997,362
"USA","WAYCOTT","CB6PH - Chesapeake Bay",1998,313
"USA","WAYCOTT","CB6PH - Chesapeake Bay",1999,268
"USA","WAYCOTT","CB6PH - Chesapeake Bay",2000,288
"USA","WAYCOTT","CB6PH - Chesapeake Bay",2001,289
"USA","WAYCOTT","CB6PH - Chesapeake Bay",2002,310
"USA","WAYCOTT","CB6PH - Chesapeake Bay",2003,286
"USA","WAYCOTT","CB6PH - Chesapeake Bay",2004,198
"USA","WAYCOTT","CB6PH - Chesapeake Bay",2005,260
"USA","WAYCOTT","CB7PH - Chesapeake Bay",1984,2822
"USA","WAYCOTT","CB7PH - Chesapeake Bay",1985,2899
"USA","WAYCOTT","CB7PH - Chesapeake Bay",1986,2989
"USA","WAYCOTT","CB7PH - Chesapeake Bay",1987,2942
"USA","WAYCOTT","CB7PH - Chesapeake Bay",1989,3241
"USA","WAYCOTT","CB7PH - Chesapeake Bay",1990,3324
"USA","WAYCOTT","CB7PH - Chesapeake Bay",1991,4007
"USA","WAYCOTT","CB7PH - Chesapeake Bay",1992,4151
"USA","WAYCOTT","CB7PH - Chesapeake Bay",1993,4470
"USA","WAYCOTT","CB7PH - Chesapeake Bay",1994,4014
"USA","WAYCOTT","CB7PH - Chesapeake Bay",1995,3560
"USA","WAYCOTT","CB7PH - Chesapeake Bay",1996,3831
"USA","WAYCOTT","CB7PH - Chesapeake Bay",1997,3937
"USA","WAYCOTT","CB7PH - Chesapeake Bay",1998,3617
"USA","WAYCOTT","CB7PH - Chesapeake Bay",1999,3335
"USA","WAYCOTT","CB7PH - Chesapeake Bay",2000,3403
"USA","WAYCOTT","CB7PH - Chesapeake Bay",2001,3712
"USA","WAYCOTT","CB7PH - Chesapeake Bay",2002,3966
"USA","WAYCOTT","CB7PH - Chesapeake Bay",2003,3720
"USA","WAYCOTT","CB7PH - Chesapeake Bay",2004,2896
"USA","WAYCOTT","CB7PH - Chesapeake Bay",2005,3294
"USA","WAYCOTT","CB8PH - Chesapeake Bay",1984,0
"USA","WAYCOTT","CB8PH - Chesapeake Bay",1985,0
"USA","WAYCOTT","CB8PH - Chesapeake Bay",1986,0
"USA","WAYCOTT","CB8PH - Chesapeake Bay",1987,0
"USA","WAYCOTT","CB8PH - Chesapeake Bay",1989,0
"USA","WAYCOTT","CB8PH - Chesapeake Bay",1990,0
"USA","WAYCOTT","CB8PH - Chesapeake Bay",1991,0
"USA","WAYCOTT","CB8PH - Chesapeake Bay",1992,0
"USA","WAYCOTT","CB8PH - Chesapeake Bay",1993,0
"USA","WAYCOTT","CB8PH - Chesapeake Bay",1994,0
"USA","WAYCOTT","CB8PH - Chesapeake Bay",1995,4
"USA","WAYCOTT","CB8PH - Chesapeake Bay",1996,4
"USA","WAYCOTT","CB8PH - Chesapeake Bay",1997,4
"USA","WAYCOTT","CB8PH - Chesapeake Bay",1998,4
"USA","WAYCOTT","CB8PH - Chesapeake Bay",1999,3
"USA","WAYCOTT","CB8PH - Chesapeake Bay",2000,3
"USA","WAYCOTT","CB8PH - Chesapeake Bay",2001,3
"USA","WAYCOTT","CB8PH - Chesapeake Bay",2002,4
"USA","WAYCOTT","CB8PH - Chesapeake Bay",2003,2
"USA","WAYCOTT","CB8PH - Chesapeake Bay",2004,2
"USA","WAYCOTT","CB8PH - Chesapeake Bay",2005,4
"USA","WAYCOTT","JMSPH-James",1984,0
"USA","WAYCOTT","JMSPH-James",1985,0
"USA","WAYCOTT","JMSPH-James",1986,0
"USA","WAYCOTT","JMSPH-James",1987,3
"USA","WAYCOTT","JMSPH-James",1989,4
"USA","WAYCOTT","JMSPH-James",1990,3
"USA","WAYCOTT","JMSPH-James",1991,3
"USA","WAYCOTT","JMSPH-James",1992,3
"USA","WAYCOTT","JMSPH-James",1993,4
"USA","WAYCOTT","JMSPH-James",1994,6
"USA","WAYCOTT","JMSPH-James",1995,15
"USA","WAYCOTT","JMSPH-James",1996,19
"USA","WAYCOTT","JMSPH-James",1997,76
"USA","WAYCOTT","JMSPH-James",1998,52
"USA","WAYCOTT","JMSPH-James",1999,31
"USA","WAYCOTT","JMSPH-James",2000,38
"USA","WAYCOTT","JMSPH-James",2001,94
"USA","WAYCOTT","JMSPH-James",2002,114
"USA","WAYCOTT","JMSPH-James",2003,53
"USA","WAYCOTT","JMSPH-James",2004,30
"USA","WAYCOTT","JMSPH-James",2005,0
"USA","WAYCOTT","LYNPH- Lynnhaven",1984,38
"USA","WAYCOTT","LYNPH- Lynnhaven",1985,37
"USA","WAYCOTT","LYNPH- Lynnhaven",1986,43
"USA","WAYCOTT","LYNPH- Lynnhaven",1987,40
"USA","WAYCOTT","LYNPH- Lynnhaven",1989,38
"USA","WAYCOTT","LYNPH- Lynnhaven",1990,29
"USA","WAYCOTT","LYNPH- Lynnhaven",1991,24
"USA","WAYCOTT","LYNPH- Lynnhaven",1992,20
"USA","WAYCOTT","LYNPH- Lynnhaven",1993,21
"USA","WAYCOTT","LYNPH- Lynnhaven",1994,43
"USA","WAYCOTT","LYNPH- Lynnhaven",1995,13
"USA","WAYCOTT","LYNPH- Lynnhaven",1996,30
"USA","WAYCOTT","LYNPH- Lynnhaven",1997,16
"USA","WAYCOTT","LYNPH- Lynnhaven",1998,17
"USA","WAYCOTT","LYNPH- Lynnhaven",1999,38
"USA","WAYCOTT","LYNPH- Lynnhaven",2000,19
"USA","WAYCOTT","LYNPH- Lynnhaven",2001,17
"USA","WAYCOTT","LYNPH- Lynnhaven",2002,16
"USA","WAYCOTT","LYNPH- Lynnhaven",2003,0
"USA","WAYCOTT","LYNPH- Lynnhaven",2004,4
"USA","WAYCOTT","LYNPH- Lynnhaven",2005,8
"USA","WAYCOTT","MOBPH- Mobjack",1984,2736
"USA","WAYCOTT","MOBPH- Mobjack",1985,2847
"USA","WAYCOTT","MOBPH- Mobjack",1986,2821
"USA","WAYCOTT","MOBPH- Mobjack",1987,2913
"USA","WAYCOTT","MOBPH- Mobjack",1989,3667
"USA","WAYCOTT","MOBPH- Mobjack",1990,3983
"USA","WAYCOTT","MOBPH- Mobjack",1991,4287
"USA","WAYCOTT","MOBPH- Mobjack",1992,4361
"USA","WAYCOTT","MOBPH- Mobjack",1993,4430
"USA","WAYCOTT","MOBPH- Mobjack",1994,4375
"USA","WAYCOTT","MOBPH- Mobjack",1995,4389
"USA","WAYCOTT","MOBPH- Mobjack",1996,4303
"USA","WAYCOTT","MOBPH- Mobjack",1997,4442
"USA","WAYCOTT","MOBPH- Mobjack",1998,4082
"USA","WAYCOTT","MOBPH- Mobjack",1999,3584
"USA","WAYCOTT","MOBPH- Mobjack",2000,3694
"USA","WAYCOTT","MOBPH- Mobjack",2001,3850
"USA","WAYCOTT","MOBPH- Mobjack",2002,3538
"USA","WAYCOTT","MOBPH- Mobjack",2003,3423
"USA","WAYCOTT","MOBPH- Mobjack",2004,3055
"USA","WAYCOTT","MOBPH- Mobjack",2005,2916
"USA","WAYCOTT","PIAMH - Piankatank",1984,10
"USA","WAYCOTT","PIAMH - Piankatank",1985,10
"USA","WAYCOTT","PIAMH - Piankatank",1986,10
"USA","WAYCOTT","PIAMH - Piankatank",1987,43
"USA","WAYCOTT","PIAMH - Piankatank",1989,142
"USA","WAYCOTT","PIAMH - Piankatank",1990,242
"USA","WAYCOTT","PIAMH - Piankatank",1991,270
"USA","WAYCOTT","PIAMH - Piankatank",1992,323
"USA","WAYCOTT","PIAMH - Piankatank",1993,435
"USA","WAYCOTT","PIAMH - Piankatank",1994,250
"USA","WAYCOTT","PIAMH - Piankatank",1995,144
"USA","WAYCOTT","PIAMH - Piankatank",1996,142
"USA","WAYCOTT","PIAMH - Piankatank",1997,175
"USA","WAYCOTT","PIAMH - Piankatank",1998,132
"USA","WAYCOTT","PIAMH - Piankatank",1999,117
"USA","WAYCOTT","PIAMH - Piankatank",2000,171
"USA","WAYCOTT","PIAMH - Piankatank",2001,218
"USA","WAYCOTT","PIAMH - Piankatank",2002,284
"USA","WAYCOTT","PIAMH - Piankatank",2003,181
"USA","WAYCOTT","PIAMH - Piankatank",2004,179
"USA","WAYCOTT","PIAMH - Piankatank",2005,211
"USA","WAYCOTT","POCMH - Pocomoke",1984,431
"USA","WAYCOTT","POCMH - Pocomoke",1985,385
"USA","WAYCOTT","POCMH - Pocomoke",1986,556
"USA","WAYCOTT","POCMH - Pocomoke",1987,474
"USA","WAYCOTT","POCMH - Pocomoke",1989,600
"USA","WAYCOTT","POCMH - Pocomoke",1990,595
"USA","WAYCOTT","POCMH - Pocomoke",1991,732
"USA","WAYCOTT","POCMH - Pocomoke",1992,719
"USA","WAYCOTT","POCMH - Pocomoke",1993,776
"USA","WAYCOTT","POCMH - Pocomoke",1994,665
"USA","WAYCOTT","POCMH - Pocomoke",1995,655
"USA","WAYCOTT","POCMH - Pocomoke",1996,652
"USA","WAYCOTT","POCMH - Pocomoke",1997,530
"USA","WAYCOTT","POCMH - Pocomoke",1998,459
"USA","WAYCOTT","POCMH - Pocomoke",1999,466
"USA","WAYCOTT","POCMH - Pocomoke",2000,489
"USA","WAYCOTT","POCMH - Pocomoke",2001,619
"USA","WAYCOTT","POCMH - Pocomoke",2002,733
"USA","WAYCOTT","POCMH - Pocomoke",2003,674
"USA","WAYCOTT","POCMH - Pocomoke",2004,471
"USA","WAYCOTT","POCMH - Pocomoke",2005,723
"USA","WAYCOTT","RPPMH - Rappahannock",1984,4
"USA","WAYCOTT","RPPMH - Rappahannock",1985,1
"USA","WAYCOTT","RPPMH - Rappahannock",1986,0
"USA","WAYCOTT","RPPMH - Rappahannock",1987,13
"USA","WAYCOTT","RPPMH - Rappahannock",1989,48
"USA","WAYCOTT","RPPMH - Rappahannock",1990,51
"USA","WAYCOTT","RPPMH - Rappahannock",1991,31
"USA","WAYCOTT","RPPMH - Rappahannock",1992,37
"USA","WAYCOTT","RPPMH - Rappahannock",1993,62
"USA","WAYCOTT","RPPMH - Rappahannock",1994,27
"USA","WAYCOTT","RPPMH - Rappahannock",1995,19
"USA","WAYCOTT","RPPMH - Rappahannock",1995,12
"USA","WAYCOTT","RPPMH - Rappahannock",1997,9
"USA","WAYCOTT","RPPMH - Rappahannock",1998,5
"USA","WAYCOTT","RPPMH - Rappahannock",1999,3
"USA","WAYCOTT","RPPMH - Rappahannock",2000,10
"USA","WAYCOTT","RPPMH - Rappahannock",2001,57
"USA","WAYCOTT","RPPMH - Rappahannock",2002,122
"USA","WAYCOTT","RPPMH - Rappahannock",2003,9
"USA","WAYCOTT","RPPMH - Rappahannock",2004,5
"USA","WAYCOTT","RPPMH - Rappahannock",2005,44
"USA","WAYCOTT","YRKPH - York",1984,179
"USA","WAYCOTT","YRKPH - York",1985,4441
"USA","WAYCOTT","YRKPH - York",1986,5173
"USA","WAYCOTT","YRKPH - York",1987,4250
"USA","WAYCOTT","YRKPH - York",1989,5391
"USA","WAYCOTT","YRKPH - York",1990,5535
"USA","WAYCOTT","YRKPH - York",1991,5941
"USA","WAYCOTT","YRKPH - York",1992,5996
"USA","WAYCOTT","YRKPH - York",1993,5727
"USA","WAYCOTT","YRKPH - York",1994,4325
"USA","WAYCOTT","YRKPH - York",1995,4065
"USA","WAYCOTT","YRKPH - York",1996,3965
"USA","WAYCOTT","YRKPH - York",1997,3738
"USA","WAYCOTT","YRKPH - York",1998,2623
"USA","WAYCOTT","YRKPH - York",1999,3785
"USA","WAYCOTT","YRKPH - York",2000,4233
"USA","WAYCOTT","YRKPH - York",2001,4368
"USA","WAYCOTT","YRKPH - York",2002,4922
"USA","WAYCOTT","YRKPH - York",2003,3463
"USA","WAYCOTT","YRKPH - York",2004,3202
"USA","WAYCOTT","YRKPH - York",2005,4107
"USA","WAYCOTT","YRKPH - York",1984,179
"USA","WAYCOTT","YRKPH - York",1985,176
"USA","WAYCOTT","YRKPH - York",1986,173
"USA","WAYCOTT","YRKPH - York",1987,190
"USA","WAYCOTT","YRKPH - York",1989,233
"USA","WAYCOTT","YRKPH - York",1990,
"USA","WAYCOTT","YRKPH - York",1991,267
"USA","WAYCOTT","YRKPH - York",1992,274
"USA","WAYCOTT","YRKPH - York",1993,282
"USA","WAYCOTT","YRKPH - York",1994,296
"USA","WAYCOTT","YRKPH - York",1995,302
"USA","WAYCOTT","YRKPH - York",1996,307
"USA","WAYCOTT","YRKPH - York",1997,339
"USA","WAYCOTT","YRKPH - York",1998,303
"USA","WAYCOTT","YRKPH - York",1999,265
"USA","WAYCOTT","YRKPH - York",2000,308
"USA","WAYCOTT","YRKPH - York",2001,324
"USA","WAYCOTT","YRKPH - York",2002,373
"USA","WAYCOTT","YRKPH - York",2003,359
"USA","WAYCOTT","YRKPH - York",2004,242
"USA","WAYCOTT","YRKPH - York",2005,177
"USA","WAYCOTT","BIGMH - Big Annenessex",1984,0
"USA","WAYCOTT","BIGMH - Big Annenessex",1985,52
"USA","WAYCOTT","BIGMH - Big Annenessex",1986,76
"USA","WAYCOTT","BIGMH - Big Annenessex",1987,26
"USA","WAYCOTT","BIGMH - Big Annenessex",1989,47
"USA","WAYCOTT","BIGMH - Big Annenessex",1990,41
"USA","WAYCOTT","BIGMH - Big Annenessex",1991,75
"USA","WAYCOTT","BIGMH - Big Annenessex",1992,70
"USA","WAYCOTT","BIGMH - Big Annenessex",1993,64
"USA","WAYCOTT","BIGMH - Big Annenessex",1995,71
"USA","WAYCOTT","BIGMH - Big Annenessex",1996,44
"USA","WAYCOTT","BIGMH - Big Annenessex",1997,59
"USA","WAYCOTT","BIGMH - Big Annenessex",1998,38
"USA","WAYCOTT","BIGMH - Big Annenessex",1999,65
"USA","WAYCOTT","BIGMH - Big Annenessex",2000,84
"USA","WAYCOTT","BIGMH - Big Annenessex",2001,93
"USA","WAYCOTT","BIGMH - Big Annenessex",2002,105
"USA","WAYCOTT","BIGMH - Big Annenessex",2003,63
"USA","WAYCOTT","BIGMH - Big Annenessex",2004,90
"USA","WAYCOTT","BIGMH - Big Annenessex",2005,112
"USA","WAYCOTT","East River",1937,327.71
"USA","WAYCOTT","East River",1953,488.71
"USA","WAYCOTT","East River",1963,428.8
"USA","WAYCOTT","East River",1971,420
"USA","WAYCOTT","East River",1974,211.43
"USA","WAYCOTT","East River",1978,239.51
"USA","WAYCOTT","East River",1981,151.1
"USA","WAYCOTT","East River",1984,201.18
"USA","WAYCOTT","East River",1985,177.28
"USA","WAYCOTT","East River",1986,173.64
"USA","WAYCOTT","East River",1987,185.411
"USA","WAYCOTT","East River",1989,225.94
"USA","WAYCOTT","East River",1990,235.76
"USA","WAYCOTT","East River",1991,252.62
"USA","WAYCOTT","East River",1992,267.43
"USA","WAYCOTT","East River",1993,269.52
"USA","WAYCOTT","East River",1994,298.5
"USA","WAYCOTT","East River",1995,303.21
"USA","WAYCOTT","East River",1996,302.72
"USA","WAYCOTT","East River",1997,309.05
"USA","WAYCOTT","East River",1998,298.35
"USA","WAYCOTT","East River",1999,265.92
"USA","WAYCOTT","East River",2000,308.89
"USA","WAYCOTT","East River",2001,310.33
"USA","WAYCOTT","East River",2002,299.02
"USA","WAYCOTT","East River",2003,294.67
"USA","WAYCOTT","East River",2004,290.74
"USA","WAYCOTT","East River",2005,275.29
"USA","WAYCOTT","East River",2006,205.2
"USA","WAYCOTT","Fleets Bay",1937,267.86
"USA","WAYCOTT","Fleets Bay",1953,296.09
"USA","WAYCOTT","Fleets Bay",1961,543.09
"USA","WAYCOTT","Fleets Bay",1969,523.76
"USA","WAYCOTT","Fleets Bay",1974,300
"USA","WAYCOTT","Fleets Bay",1978,77.31
"USA","WAYCOTT","Fleets Bay",1981,73.04
"USA","WAYCOTT","Fleets Bay",1984,109.4
"USA","WAYCOTT","Fleets Bay",1985,90.99
"USA","WAYCOTT","Fleets Bay",1986,94.74
"USA","WAYCOTT","Fleets Bay",1987,154.85
"USA","WAYCOTT","Fleets Bay",1989,210.57
"USA","WAYCOTT","Fleets Bay",1990,240.27
"USA","WAYCOTT","Fleets Bay",1991,239.45
"USA","WAYCOTT","Fleets Bay",1992,285.81
"USA","WAYCOTT","Fleets Bay",1993,307.46
"USA","WAYCOTT","Fleets Bay",1994,302.75
"USA","WAYCOTT","Fleets Bay",1995,289.27
"USA","WAYCOTT","Fleets Bay",1996,293.91
"USA","WAYCOTT","Fleets Bay",1997,271.83
"USA","WAYCOTT","Fleets Bay",1998,280.44
"USA","WAYCOTT","Fleets Bay",1999,266.24
"USA","WAYCOTT","Fleets Bay",2000,291.69
"USA","WAYCOTT","Fleets Bay",2001,299.4
"USA","WAYCOTT","Fleets Bay",2002,366.08
"USA","WAYCOTT","Fleets Bay",2003,239.99
"USA","WAYCOTT","Fleets Bay",2004,252.12
"USA","WAYCOTT","Fleets Bay",2005,294.76
"USA","WAYCOTT","Fleets Bay",2006,234.17
"USA","WAYCOTT","Jenkins Neck",1937,203.33
"USA","WAYCOTT","Jenkins Neck",1951,360.26
"USA","WAYCOTT","Jenkins Neck",1960,364.16
"USA","WAYCOTT","Jenkins Neck",1971,223.01
"USA","WAYCOTT","Jenkins Neck",1974,200
"USA","WAYCOTT","Jenkins Neck",1978,129
"USA","WAYCOTT","Jenkins Neck",1981,125.23
"USA","WAYCOTT","Jenkins Neck",1984,193.01
"USA","WAYCOTT","Jenkins Neck",1985,192.24
"USA","WAYCOTT","Jenkins Neck",1986,198.95
"USA","WAYCOTT","Jenkins Neck",1987,202.75
"USA","WAYCOTT","Jenkins Neck",1989,247.19
"USA","WAYCOTT","Jenkins Neck",1990,259.06
"USA","WAYCOTT","Jenkins Neck",1991,272.43
"USA","WAYCOTT","Jenkins Neck",1992,281.41
"USA","WAYCOTT","Jenkins Neck",1993,282.31
"USA","WAYCOTT","Jenkins Neck",1994,301.12
"USA","WAYCOTT","Jenkins Neck",1995,300.85
"USA","WAYCOTT","Jenkins Neck",1996,301.33
"USA","WAYCOTT","Jenkins Neck",1997,328.38
"USA","WAYCOTT","Jenkins Neck",1998,305.48
"USA","WAYCOTT","Jenkins Neck",1999,278.87
"USA","WAYCOTT","Jenkins Neck",2000,298.14
"USA","WAYCOTT","Jenkins Neck",2001,303
"USA","WAYCOTT","Jenkins Neck",2002,309.55
"USA","WAYCOTT","Jenkins Neck",2003,312.3
"USA","WAYCOTT","Jenkins Neck",2004,215.43
"USA","WAYCOTT","Jenkins Neck",2005,152.74
"USA","WAYCOTT","Jenkins Neck",2006,147.6
"USA","WAYCOTT","Vaucluse Shores",1938,405.18
"USA","WAYCOTT","Vaucluse Shores",1949,399.41
"USA","WAYCOTT","Vaucluse Shores",1955,370.54
"USA","WAYCOTT","Vaucluse Shores",1966,399.36
"USA","WAYCOTT","Vaucluse Shores",1972,355.88
"USA","WAYCOTT","Vaucluse Shores",1978,316.27
"USA","WAYCOTT","Vaucluse Shores",1981,290.08
"USA","WAYCOTT","Vaucluse Shores",1984,290.18
"USA","WAYCOTT","Vaucluse Shores",1985,277.23
"USA","WAYCOTT","Vaucluse Shores",1986,295.74
"USA","WAYCOTT","Vaucluse Shores",1987,259.41
"USA","WAYCOTT","Vaucluse Shores",1989,280.01
"USA","WAYCOTT","Vaucluse Shores",1990,307.71
"USA","WAYCOTT","Vaucluse Shores",1991,339.36
"USA","WAYCOTT","Vaucluse Shores",1992,370.74
"USA","WAYCOTT","Vaucluse Shores",1993,395.2
"USA","WAYCOTT","Vaucluse Shores",1994,353.09
"USA","WAYCOTT","Vaucluse Shores",1995,349.18
"USA","WAYCOTT","Vaucluse Shores",1996,344.31
"USA","WAYCOTT","Vaucluse Shores",1997,368.03
"USA","WAYCOTT","Vaucluse Shores",1998,354.61
"USA","WAYCOTT","Vaucluse Shores",1999,365.33
"USA","WAYCOTT","Vaucluse Shores",2000,355.9
"USA","WAYCOTT","Vaucluse Shores",2001,354.88
"USA","WAYCOTT","Vaucluse Shores",2002,250.36
"USA","WAYCOTT","Vaucluse Shores",2003,351.3
"USA","WAYCOTT","Vaucluse Shores",2004,303.83
"USA","WAYCOTT","Vaucluse Shores",2005,306.92
"USA","WAYCOTT","Vaucluse Shores",2006,206.04
"USA","WAYCOTT","Parrott Islands",1937,189.53
"USA","WAYCOTT","Parrott Islands",1951,355.37
"USA","WAYCOTT","Parrott Islands",1960,353.73
"USA","WAYCOTT","Parrott Islands",1968,277.62
"USA","WAYCOTT","Parrott Islands",1971,0
"USA","WAYCOTT","Mumfort Isalnds",1937,91.63
"USA","WAYCOTT","Mumfort Isalnds",1953,241.92
"USA","WAYCOTT","Mumfort Isalnds",1960,213.84
"USA","WAYCOTT","Mumfort Isalnds",1971,200
"USA","WAYCOTT","Mumfort Isalnds",1974,5.67
"USA","WAYCOTT","Mumfort Isalnds",1990,1.48
"USA","WAYCOTT","Mumfort Isalnds",2000,0.09
"USA","WAYCOTT","Bass River",1994,5.86
"USA","WAYCOTT","Bass River",2000,1.19
"USA","WAYCOTT","Beverly Harbor/Danvers River",1995,4.11
"USA","WAYCOTT","Beverly Harbor/Danvers River",2001,2.29
"USA","WAYCOTT","Boston Harbor South",1995,73.06
"USA","WAYCOTT","Boston Harbor South",2001,15.87
"USA","WAYCOTT","Bournes Pond",1994,18.91
"USA","WAYCOTT","Bournes Pond",2000,11.29
"USA","WAYCOTT","Buttermilk and Little Buttermilk Bays",1996,38.22
"USA","WAYCOTT","Buttermilk and Little Buttermilk Bays",2002,0
"USA","WAYCOTT","Cape Pogue Pond / Pochet Pond / Calebs Pond",1994,220.43
"USA","WAYCOTT","Cape Pogue Pond / Pochet Pond / Calebs Pond",1999,179.11
"USA","WAYCOTT","Duxbury/Plymouth Harbors",1995,906.03
"USA","WAYCOTT","Duxbury/Plymouth Harbors",2000,791.38
"USA","WAYCOTT","Gloucester harbor",1996,18.37
"USA","WAYCOTT","Gloucester harbor",2000,1.53
"USA","WAYCOTT","Herring River",1994,3.4
"USA","WAYCOTT","Herring River",2000,1.53
"USA","WAYCOTT","Hyannis Harbor",1994,68.35
"USA","WAYCOTT","Hyannis Harbor",2000,53.4
"USA","WAYCOTT","Lagoon Pond",1994,66.44
"USA","WAYCOTT","Lagoon Pond",1999,29.04
"USA","WAYCOTT","Lake Tashmoo",1994,36.92
"USA","WAYCOTT","Lake Tashmoo",1999,15.5
"USA","WAYCOTT","Little Pond",1994,5.96
"USA","WAYCOTT","Little Pond",2000,2.46
"USA","WAYCOTT","Lower Pleasant Bay",1994,513.06
"USA","WAYCOTT","Lower Pleasant Bay",2000,468.93
"USA","WAYCOTT","Lynn Harbor",1996,288.7
"USA","WAYCOTT","Lynn Harbor",2001,259.28
"USA","WAYCOTT","Madaket Harbor",1994,271.66
"USA","WAYCOTT","Madaket Harbor",1999,244.59
"USA","WAYCOTT","Manchester Harbor",1996,58.39
"USA","WAYCOTT","Manchester Harbor",2001,47.53
"USA","WAYCOTT","Marblehead Harbor",1996,10.21
"USA","WAYCOTT","Marblehead Harbor",2001,5.06
"USA","WAYCOTT","Menemsha Pond",1994,171.74
"USA","WAYCOTT","Menemsha Pond",1999,143
"USA","WAYCOTT","Morris Island",1994,68.57
"USA","WAYCOTT","Morris Island",2000,59.62
"USA","WAYCOTT","Nantucket Harbor",1994,964.11
"USA","WAYCOTT","Nantucket Harbor",1999,698.62
"USA","WAYCOTT","New Bedford Harbor (Outer) / Clarks Cove",1996,54.58
"USA","WAYCOTT","New Bedford Harbor (Outer) / Clarks Cove",2002,48.5
"USA","WAYCOTT","Ryders Cove / Crow Pond / Bassing Harbor",1994,59.29
"USA","WAYCOTT","Ryders Cove / Crow Pond / Bassing Harbor",2000,44.72
"USA","WAYCOTT","Salem Harbor",1996,41.87
"USA","WAYCOTT","Salem Harbor",2001,7.87
"USA","WAYCOTT","Scituate Harbor",1995,2000
"USA","WAYCOTT","Scituate Harbor",2000,4.1
"USA","WAYCOTT","Stage Harbor System",1994,104.59
"USA","WAYCOTT","Stage Harbor System",2000,64.99
"USA","WAYCOTT","Three Bays",1994,4.35
"USA","WAYCOTT","Three Bays",2000,0
"USA","WAYCOTT","Upper Pleasant Bay",1994,120.82
"USA","WAYCOTT","Upper Pleasant Bay",2000,76.24
"USA","WAYCOTT","Wareham River / Marks Cove",1996,21.92
"USA","WAYCOTT","Wareham River / Marks Cove",2002,1.05
"USA","WAYCOTT","West Falmouth Harbor",1996,21.92
"USA","WAYCOTT","West Falmouth Harbor",2002,20.35
"USA","WAYCOTT","Westport River - East and West Branch",1996,273.05
"USA","WAYCOTT","Westport River - East and West Branch",2002,188.36
"USA","WAYCOTT","Weweantic River",1996,20.63
"USA","WAYCOTT","Weweantic River",2002,8.82
"USA","WAYCOTT","Wild Harbor",1996,8.06
"USA","WAYCOTT","Wild Harbor",2002,7.08
"USA","WAYCOTT","Boston Harbor North",1995,0
"USA","WAYCOTT","Boston Harbor North",2001,11.1
"USA","WAYCOTT","Cohasset Harbor",1995,45.56
"USA","WAYCOTT","Cohasset Harbor",2001,47
"USA","WAYCOTT","Lewis Bay",1995,0.16
"USA","WAYCOTT","Lewis Bay",2001,0.48
"USA","WAYCOTT","Coastal Bend",1958,10584
"USA","WAYCOTT","Coastal Bend",1994,11385
"USA","WAYCOTT","Galveston Bay",1956,2025
"USA","WAYCOTT","Galveston Bay",1998,210
"USA","WAYCOTT","Chandeleur Islands",1969,6377
"USA","WAYCOTT","Chandeleur Islands",1969,4669
"USA","WAYCOTT","Chandeleur Islands",1992,6539
"USA","WAYCOTT","Chandeleur Islands",1995,4511
"USA","WAYCOTT","Mississippi Sound",1992,600
"USA","WAYCOTT","Mississippi Sound",2003,298
"USA","WAYCOTT","Mobile Bay",1981,1105
"USA","WAYCOTT","Mobile Bay",2003,200
"USA","WAYCOTT","Perdido Bay",1940,475
"USA","WAYCOTT","Perdido Bay",2003,120
"USA","WAYCOTT","Pensacola Bay",1968,3800
"USA","WAYCOTT","Pensacola Bay",1992,1814
"USA","WAYCOTT","Choctawhatchee Bay",1983,1237
"USA","WAYCOTT","Choctawhatchee Bay",1992,1722
"USA","WAYCOTT","St. Andrew Bay",1964,4706
"USA","WAYCOTT","St. Andrew Bay",1992,3979
"USA","WAYCOTT","Big Bend",1984,520000
"USA","WAYCOTT","Big Bend",1992,250000
"USA","WAYCOTT","Greater Charlotte Harbor",1982,23127
"USA","WAYCOTT","Greater Charlotte Harbor",1999,21802
"USA","WAYCOTT","Florida Bay",1987,142473
"USA","WAYCOTT","Florida Bay",1994,124787
"USA","WAYCOTT","Mississippi Bays",1969,5520
"USA","WAYCOTT","Mississippi Bays",1992,600
"USA","WAYCOTT","Upper Laguna Madre",1967,11800
"USA","WAYCOTT","Upper Laguna Madre",1988,24900
"USA","WAYCOTT","Upper Laguna Madre",1999,21400
"USA","WAYCOTT","Lemon Bay",1988,1055
"USA","WAYCOTT","Lemon Bay",1994,1067
"USA","WAYCOTT","Lemon Bay",1996,1054
"USA","WAYCOTT","Lemon Bay",1999,1049
"USA","WAYCOTT","Lemon Bay",2001,1046
"USA","WAYCOTT","Lemon Bay",2003,1110
"USA","WAYCOTT","Placida, Upper Charlotte Harbor",1982,957
"USA","WAYCOTT","Placida, Upper Charlotte Harbor",1988,1416
"USA","WAYCOTT","Placida, Upper Charlotte Harbor",1992,1384
"USA","WAYCOTT","Placida, Upper Charlotte Harbor",1994,1344
"USA","WAYCOTT","Placida, Upper Charlotte Harbor",1996,1460
"USA","WAYCOTT","Placida, Upper Charlotte Harbor",1999,1503
"USA","WAYCOTT","Placida, Upper Charlotte Harbor",2001,1531
"USA","WAYCOTT","Placida, Upper Charlotte Harbor",2003,1625
"USA","WAYCOTT","South Harbor, Upper Charlotte Harbor",1982,3544
"USA","WAYCOTT","South Harbor, Upper Charlotte Harbor",1988,3710
"USA","WAYCOTT","South Harbor, Upper Charlotte Harbor",1992,3662
"USA","WAYCOTT","South Harbor, Upper Charlotte Harbor",1994,3659
"USA","WAYCOTT","South Harbor, Upper Charlotte Harbor",1996,3648
"USA","WAYCOTT","South Harbor, Upper Charlotte Harbor",1999,3340
"USA","WAYCOTT","South Harbor, Upper Charlotte Harbor",2001,3313
"USA","WAYCOTT","South Harbor, Upper Charlotte Harbor",2003,3488
"USA","WAYCOTT","West Wall, Upper Charlotte Harbor",1982,665
"USA","WAYCOTT","West Wall, Upper Charlotte Harbor",1988,580
"USA","WAYCOTT","West Wall, Upper Charlotte Harbor",1992,490
"USA","WAYCOTT","West Wall, Upper Charlotte Harbor",1994,671
"USA","WAYCOTT","West Wall, Upper Charlotte Harbor",1996,790
"USA","WAYCOTT","West Wall, Upper Charlotte Harbor",1999,699
"USA","WAYCOTT","West Wall, Upper Charlotte Harbor",2001,699
"USA","WAYCOTT","West Wall, Upper Charlotte Harbor",2003,646
"USA","WAYCOTT","East Wall, Upper Charlotte Harbor",1982,1548
"USA","WAYCOTT","East Wall, Upper Charlotte Harbor",1988,1372
"USA","WAYCOTT","East Wall, Upper Charlotte Harbor",1992,1361
"USA","WAYCOTT","East Wall, Upper Charlotte Harbor",1994,1416
"USA","WAYCOTT","East Wall, Upper Charlotte Harbor",1996,1371
"USA","WAYCOTT","East Wall, Upper Charlotte Harbor",1999,1452
"USA","WAYCOTT","East Wall, Upper Charlotte Harbor",2001,1454
"USA","WAYCOTT","East Wall, Upper Charlotte Harbor",2003,1315
"USA","WAYCOTT","Middle Harbor, Upper Charlotte Harbor",1982,70
"USA","WAYCOTT","Middle Harbor, Upper Charlotte Harbor",1988,50
"USA","WAYCOTT","Middle Harbor, Upper Charlotte Harbor",1992,50
"USA","WAYCOTT","Middle Harbor, Upper Charlotte Harbor",1994,60
"USA","WAYCOTT","Middle Harbor, Upper Charlotte Harbor",1996,76
"USA","WAYCOTT","Middle Harbor, Upper Charlotte Harbor",1999,62
"USA","WAYCOTT","Middle Harbor, Upper Charlotte Harbor",2001,64
"USA","WAYCOTT","Middle Harbor, Upper Charlotte Harbor",2003,43
"USA","WAYCOTT","Myakka River, Upper Charlotte Harbor",1982,218
"USA","WAYCOTT","Myakka River, Upper Charlotte Harbor",1988,161
"USA","WAYCOTT","Myakka River, Upper Charlotte Harbor",1992,130
"USA","WAYCOTT","Myakka River, Upper Charlotte Harbor",1994,189
"USA","WAYCOTT","Myakka River, Upper Charlotte Harbor",1996,203
"USA","WAYCOTT","Myakka River, Upper Charlotte Harbor",1999,191
"USA","WAYCOTT","Myakka River, Upper Charlotte Harbor",2001,185
"USA","WAYCOTT","Myakka River, Upper Charlotte Harbor",2003,118
"USA","WAYCOTT","Peace River, Upper Charlotte Harbor",1982,397
"USA","WAYCOTT","Peace River, Upper Charlotte Harbor",1988,158
"USA","WAYCOTT","Peace River, Upper Charlotte Harbor",1992,167
"USA","WAYCOTT","Peace River, Upper Charlotte Harbor",1994,196
"USA","WAYCOTT","Peace River, Upper Charlotte Harbor",1999,109
"USA","WAYCOTT","Peace River, Upper Charlotte Harbor",2001,138
"USA","WAYCOTT","Peace River, Upper Charlotte Harbor",2003,106
"USA","WAYCOTT","Pine Island Sound, Lower Charlotte Harbor",1982,9857
"USA","WAYCOTT","Pine Island Sound, Lower Charlotte Harbor",1999,10483
"USA","WAYCOTT","Pine Island Sound, Lower Charlotte Harbor",2002,10647
"USA","WAYCOTT","Matlacha Pass, Lower Charlotte Harbor",1982,3247
"USA","WAYCOTT","Matlacha Pass, Lower Charlotte Harbor",1999,2456
"USA","WAYCOTT","Matlacha Pass, Lower Charlotte Harbor",2002,2784
"USA","WAYCOTT","San Carlos Bay, Lower Charlotte harbor",1989,2420
"USA","WAYCOTT","San Carlos Bay, Lower Charlotte harbor",1999,1504
"USA","WAYCOTT","San Carlos Bay, Lower Charlotte harbor",2002,1768
"USA","WAYCOTT","San Carlos Bay, Lower Charlotte Harbor",1989,242
"USA","WAYCOTT","San Carlos Bay, Lower Charlotte Harbor",1999,1
"USA","WAYCOTT","San Carlos Bay, Lower Charlotte Harbor",2002,42
"USA","WAYCOTT","Estero Bay",1999,1008
"USA","WAYCOTT","Estero Bay",2002,975
"USA","WAYCOTT","Seabrook Shore",1956,86
"USA","WAYCOTT","Seabrook Shore",1965,0
"USA","WAYCOTT","Seabrook Shore",1975,0
"USA","WAYCOTT","Seabrook Shore",1987,0
"USA","WAYCOTT","West Bay",1956,458
"USA","WAYCOTT","West Bay",1965,117
"USA","WAYCOTT","West Bay",1975,37
"USA","WAYCOTT","West Bay",1987,0
"USA","WAYCOTT","Christmas Bay",1975,97
"USA","WAYCOTT","Christmas Bay",1987,77
"USA","WAYCOTT","Christmas Bay",1971,502
"USA","WAYCOTT","Christmas Bay",1987,113
"USA","WAYCOTT","West Bay",1971,202.2
"USA","WAYCOTT","West Bay",1987,0
"USA","WAYCOTT","Bastrop Bay",1971,104.9
"USA","WAYCOTT","Bastrop Bay",1987,0
"USA","WAYCOTT","East Matagorda",1971,258.9
"USA","WAYCOTT","East Matagorda",1987,387
"USA","WAYCOTT","Redfish Lake",1971,0
"USA","WAYCOTT","Redfish Lake",1987,62.8
"USA","WAYCOTT","Keller",1971,168.3
"USA","WAYCOTT","Keller",1987,68.5
"USA","WAYCOTT","Matagorda",1971,569.6
"USA","WAYCOTT","Matagorda",1987,491
"USA","WAYCOTT","Salt Lake",1971,0
"USA","WAYCOTT","Salt Lake",1987,50.8
"USA","WAYCOTT","Powderhorm Lake",1971,0
"USA","WAYCOTT","Powderhorm Lake",1987,20.5
"USA","WAYCOTT","Tres Palacios",1971,0
"USA","WAYCOTT","Tres Palacios",1987,15.6
"USA","WAYCOTT","Funter Bay",2001,7.9
"USA","WAYCOTT","Funter Bay",2002,7.24
"USA","WAYCOTT","Funter Bay",2003,6028
"USA","WAYCOTT","Crab Bay",2001,1.63
"USA","WAYCOTT","Crab Bay",2002,1.78
"USA","WAYCOTT","Crab Bay",2003,1.74
"USA","WAYCOTT","Chaik Bay",2001,0.1
"USA","WAYCOTT","Chaik Bay",2002,0.09
"USA","WAYCOTT","Chaik Bay",2003,0.1
"USA","WAYCOTT","Nakwasina",2001,0.52
"USA","WAYCOTT","Nakwasina",2002,0.68
"USA","WAYCOTT","Nakwasina",2003,0.65
"USA","WAYCOTT","Sandy Cove",2001,0.7
"USA","WAYCOTT","Sandy Cove",2002,0.68
"USA","WAYCOTT","Sandy Cove",2003,0.65
"USA","WAYCOTT","Pirates Cove",2001,0.18
"USA","WAYCOTT","Pirates Cove",2002,0.2
"USA","WAYCOTT","Pirates Cove",2003,0.2
"USA","WAYCOTT","Mosquito Lagoon",1970,5496.8
"USA","WAYCOTT","Mosquito Lagoon",1986,5023.8
"USA","WAYCOTT","Mosquito Lagoon",1992,6758.1
"USA","WAYCOTT","Banana River",1970,9052.2
"USA","WAYCOTT","Banana River",1986,6729.3
"USA","WAYCOTT","Banana River",1992,8691.2
"USA","WAYCOTT","Indian River Lagoon",1970,17226.9
"USA","WAYCOTT","Indian River Lagoon",1986,21905.1
"USA","WAYCOTT","Indian River Lagoon",1992,12935.3
"USA","WAYCOTT","Barnegat Bay",1968,6825
"USA","WAYCOTT","Barnegat Bay",1979,8053
"USA","WAYCOTT","Barnegat Bay",1987,8799
"USA","WAYCOTT","Barnegat Bay",1999,6083
"USA","WAYCOTT","Back Sound &amp; Southern Core Sound",1985,7030
"USA","WAYCOTT","Back Sound &amp; Southern Core Sound",1988,6637
"USA","WAYCOTT","Turnbull Creek",1943,117.16
"USA","WAYCOTT","Turnbull Creek",1965,151.45
"USA","WAYCOTT","Turnbull Creek",1974,116.35
"USA","WAYCOTT","Turnbull Creek",1986,59.82
"USA","WAYCOTT","Turnbull Creek",1989,124.17
"USA","WAYCOTT","Turnbull Creek",1992,91.66
"USA","WAYCOTT","Turnbull Creek",1993,
"USA","WAYCOTT","Turnbull Creek",1994,125.36
"USA","WAYCOTT","Turnbull Creek",1995,
"USA","WAYCOTT","Turnbull Creek",1996,92.32
"USA","WAYCOTT","Turnbull Creek",1997,
"USA","WAYCOTT","Turnbull Creek",1998,
"USA","WAYCOTT","Turnbull Creek",1999,33.76
"USA","WAYCOTT","Turnbull Creek",2000,
"USA","WAYCOTT","Turnbull Creek",2001,
"USA","WAYCOTT","Turnbull Creek",2002,
"USA","WAYCOTT","Turnbull Creek",2003,57.28
"USA","SHORT","Johnson Launch, Big Lagoon, Perdido Key",2007,40.44
"USA","SHORT","Johnson Launch, Big Lagoon, Perdido Key",2008,29.59
"USA","SHORT","Langley Point, Big Lagoon, Perdido Key",2007,40.33
"USA","SHORT","Langley Point, Big Lagoon, Perdido Key",2008,52.87
"USA","SHORT","California / North Bay, Humboldt Bay",2007,71.48
"USA","SHORT","California / North Bay, Humboldt Bay",2008,43.76
"USA","SHORT","California / North Bay, Humboldt Bay",2009,58.5
"USA","SHORT","California / North Bay, Humboldt Bay",2010,48.63
"USA","SHORT","California / North Bay, Humboldt Bay",2011,20.44
"USA","SHORT","California / South Bay, Humboldt Bay",2007,89.4
"USA","SHORT","California / South Bay, Humboldt Bay",2008,50.51
"USA","SHORT","California / South Bay, Humboldt Bay",2009,59.4
"USA","SHORT","California / South Bay, Humboldt Bay",2010,68.01
"USA","SHORT","California / South Bay, Humboldt Bay",2011,28.73
"USA","SHORT","Maryland / Tingles Island, Chincoteague Bay",2009,25.04
"USA","SHORT","Maryland / Tingles Island, Chincoteague Bay",2010,19.85
"USA","SHORT","Duck Harbor, Cape Cod Bay, Massachusetts",2003,80.82
"USA","SHORT","Duck Harbor, Cape Cod Bay, Massachusetts",2004,61.83
"USA","SHORT","Duck Harbor, Cape Cod Bay, Massachusetts",2005,56.17
"USA","SHORT","Duck Harbor, Cape Cod Bay, Massachusetts",2006,44.02
"USA","SHORT","Duck Harbor, Cape Cod Bay, Massachusetts",2007,19.84
"USA","SHORT","Duck Harbor, Cape Cod Bay, Massachusetts",2008,19.67
"USA","SHORT","Duck Harbor, Cape Cod Bay, Massachusetts",2009,12.76
"USA","SHORT","Duck Harbor, Cape Cod Bay, Massachusetts",2010,10.03
"USA","SHORT","Hog Island, Pleasant Bay, Massachusetts",2003,73.74
"USA","SHORT","Hog Island, Pleasant Bay, Massachusetts",2004,83.39
"USA","SHORT","Hog Island, Pleasant Bay, Massachusetts",2005,76.09
"USA","SHORT","Hog Island, Pleasant Bay, Massachusetts",2006,30.32
"USA","SHORT","Hog Island, Pleasant Bay, Massachusetts",2007,44.74
"USA","SHORT","Hog Island, Pleasant Bay, Massachusetts",2008,64.84
"USA","SHORT","Hog Island, Pleasant Bay, Massachusetts",2009,57.41
"USA","SHORT","Hog Island, Pleasant Bay, Massachusetts",2010,54.51
"USA","SHORT","Massachusetts / Salem",2008,53.18
"USA","SHORT","Massachusetts / Salem",2009,36.34
"USA","SHORT","Massachusetts / Salem",2010,42.23
"USA","SHORT","New Hampshire / Great Bay",2007,53.11
"USA","SHORT","New Hampshire / Great Bay",2008,43.83
"USA","SHORT","New Hampshire / Great Bay",2009,31.11
"USA","SHORT","New Hampshire / Great Bay",2010,37.91
"USA","SHORT","Fishing Island, New Hampshire",2001,67.96
"USA","SHORT","Fishing Island, New Hampshire",2002,61.88
"USA","SHORT","Fishing Island, New Hampshire",2003,8.87
"USA","SHORT","Fishing Island, New Hampshire",2004,1.26
"USA","SHORT","Fishing Island, New Hampshire",2005,1.01
"USA","SHORT","Fishing Island, New Hampshire",2006,0.14
"USA","SHORT","Fishing Island, New Hampshire",2007,0.01
"USA","SHORT","Fishing Island, New Hampshire",2008,0
"USA","SHORT","Fishing Island, New Hampshire",2009,0.05
"USA","SHORT","Fishing Island, New Hampshire",2010,0
"USA","SHORT","New York / Fire Is., Long Island",2001,0
"USA","SHORT","New York / Fire Is., Long Island",2007,12.01
"USA","SHORT","New York / Fire Is., Long Island",2009,5.5
"USA","SHORT","New York / Fire Is., Long Island",2010,1.31
"USA","SHORT","Oregon / Valino Island, South Slough",2004,0.03
"USA","SHORT","Oregon / Valino Island, South Slough",2005,15.15
"USA","SHORT","Oregon / Valino Island, South Slough",2006,22.06
"USA","SHORT","Oregon / Valino Island, South Slough",2007,48.08
"USA","SHORT","Oregon / Valino Island, South Slough",2008,34.97
"USA","SHORT","Oregon / Valino Island, South Slough",2009,30.14
"USA","SHORT","Oregon / Valino Island, South Slough",2010,38.59
"USA","SHORT","Oregon / Valino Island, South Slough",2011,21.23
"USA","SHORT","Rhode Island / Fort Getty, Narragansett Bay",2005,48.64
"USA","SHORT","Rhode Island / Fort Getty, Narragansett Bay",2006,74.72
"USA","SHORT","Rhode Island / Fort Getty, Narragansett Bay",2007,86.94
"USA","SHORT","Rhode Island / Fort Getty, Narragansett Bay",2008,63.63
"USA","SHORT","Rhode Island / Fort Getty, Narragansett Bay",2009,71.41
"USA","SHORT","Rhode Island / Fort Getty, Narragansett Bay",2010,52.66
"USA","SHORT","Rhode Island / Prudence Is., Narragansett Bay",2005,68.76
"USA","SHORT","Rhode Island / Prudence Is., Narragansett Bay",2006,64.47
"USA","SHORT","Rhode Island / Prudence Is., Narragansett Bay",2007,40.47
"USA","SHORT","Rhode Island / Prudence Is., Narragansett Bay",2008,54.77
"USA","SHORT","Rhode Island / Prudence Is., Narragansett Bay",2009,39.16
"USA","SHORT","Rhode Island / Prudence Is., Narragansett Bay",2010,43.34
"USA","SHORT","Washington / Dumas Bay",2008,19.49
"USA","SHORT","Washington / Dumas Bay",2009,24.87
"USA","SHORT","Washington / Dumas Bay",2010,30.48
"USA","SHORT","Washington / Dumas Bay",2011,22.78
"VIR","WAYCOTT","Buck Channel Island",1971,133
"VIR","WAYCOTT","Buck Channel Island",1999,434
"URY",,,,
"UZB",,,,
"VUT",,,,
"VEN","OTHER","Venezuela",2003,50000
"VNM","OTHER","Viet Nam",2003,44000
"WLF",,,,
"ESH",,,,
"YEM",,,,
"ZMB",,,,
"ZWE",,,,
