"rgn_id","rgn_nam","sector","jobs","year"
5,"New Caledonia","aq",0,2005
5,"New Caledonia","aq",0,2006
5,"New Caledonia","aq",0,2007
5,"New Caledonia","aq",0,2008
5,"New Caledonia","aq",0,2009
5,"New Caledonia","aq",259.7,2010
5,"New Caledonia","aq",368.3,2011
5,"New Caledonia","aq",0,2012
5,"New Caledonia","cf",399.4,2005
5,"New Caledonia","cf",272,2006
5,"New Caledonia","cf",713,2007
5,"New Caledonia","cf",776,2008
5,"New Caledonia","cf",815,2009
5,"New Caledonia","cf",733,2010
5,"New Caledonia","cf",707,2011
5,"New Caledonia","cf",0,2012
6,"Vanuatu","cf",170,2005
6,"Vanuatu","cf",0,2006
6,"Vanuatu","cf",0,2007
6,"Vanuatu","cf",0,2008
6,"Vanuatu","cf",0,2009
6,"Vanuatu","cf",0,2010
6,"Vanuatu","cf",0,2011
6,"Vanuatu","cf",0,2012
8,"Palau","aq",0,2005
8,"Palau","aq",0,2006
8,"Palau","aq",0,2007
8,"Palau","aq",0,2008
8,"Palau","aq",10.8,2009
8,"Palau","aq",11,2010
8,"Palau","aq",11,2011
8,"Palau","aq",0,2012
8,"Palau","cf",307,2005
8,"Palau","cf",347.2,2006
8,"Palau","cf",347.2,2007
8,"Palau","cf",347.2,2008
8,"Palau","cf",347.2,2009
8,"Palau","cf",270.2,2010
8,"Palau","cf",270.2,2011
8,"Palau","cf",0,2012
10,"Nauru","aq",0,2005
10,"Nauru","aq",0,2006
10,"Nauru","aq",0,2007
10,"Nauru","aq",0,2008
10,"Nauru","aq",0,2009
10,"Nauru","aq",18,2010
10,"Nauru","aq",0,2011
10,"Nauru","aq",0,2012
10,"Nauru","cf",0,2005
10,"Nauru","cf",0,2006
10,"Nauru","cf",0,2007
10,"Nauru","cf",0,2008
10,"Nauru","cf",0,2009
10,"Nauru","cf",2798,2010
10,"Nauru","cf",0,2011
10,"Nauru","cf",0,2012
16,"Australia","aq",3511.6,2005
16,"Australia","aq",3577.8,2006
16,"Australia","aq",3153.6,2007
16,"Australia","aq",3968.8,2008
16,"Australia","aq",4392,2009
16,"Australia","aq",3424,2010
16,"Australia","aq",4042,2011
16,"Australia","aq",3474.4,2012
16,"Australia","cf",8032.6,2005
16,"Australia","cf",7103.4,2006
16,"Australia","cf",5754.8,2007
16,"Australia","cf",8483.6,2008
16,"Australia","cf",3757,2009
16,"Australia","cf",6800,2010
16,"Australia","cf",6437.8,2011
16,"Australia","cf",6191.2,2012
19,"Tuvalu","cf",97.8,2005
19,"Tuvalu","cf",292.95,2006
19,"Tuvalu","cf",0,2007
19,"Tuvalu","cf",0,2008
19,"Tuvalu","cf",0,2009
19,"Tuvalu","cf",0,2010
19,"Tuvalu","cf",0,2011
19,"Tuvalu","cf",0,2012
20,"Korea, Republic of","aq",20815.5,2005
20,"Korea, Republic of","aq",22762,2006
20,"Korea, Republic of","aq",22475.5,2007
20,"Korea, Republic of","aq",21429,2008
20,"Korea, Republic of","aq",21714,2009
20,"Korea, Republic of","aq",17209.5,2010
20,"Korea, Republic of","aq",16019,2011
20,"Korea, Republic of","aq",21234,2012
20,"Korea, Republic of","cf",47512,2005
20,"Korea, Republic of","cf",44003,2006
20,"Korea, Republic of","cf",41479,2007
20,"Korea, Republic of","cf",78422,2008
20,"Korea, Republic of","cf",73067.5,2009
20,"Korea, Republic of","cf",38623,2010
20,"Korea, Republic of","cf",36959,2011
20,"Korea, Republic of","cf",65196.5,2012
24,"Cambodia","aq",28650,2005
24,"Cambodia","aq",22094,2006
24,"Cambodia","aq",27149,2007
24,"Cambodia","aq",45693,2008
24,"Cambodia","aq",60870,2009
24,"Cambodia","aq",40123.5,2010
24,"Cambodia","aq",97842,2011
24,"Cambodia","aq",0,2012
25,"Thailand","cf",226150,2005
25,"Thailand","cf",227350,2006
25,"Thailand","cf",221800,2007
25,"Thailand","cf",207950,2008
25,"Thailand","cf",0,2009
25,"Thailand","cf",0,2010
25,"Thailand","cf",0,2011
25,"Thailand","cf",0,2012
28,"Comoros","cf",6650,2005
28,"Comoros","cf",0,2006
28,"Comoros","cf",0,2007
28,"Comoros","cf",8638.6,2008
28,"Comoros","cf",8638.6,2009
28,"Comoros","cf",8638.6,2010
28,"Comoros","cf",8638.6,2011
28,"Comoros","cf",8638.6,2012
29,"Mayotte","aq",25,2005
29,"Mayotte","aq",0,2006
29,"Mayotte","aq",0,2007
29,"Mayotte","aq",0,2008
29,"Mayotte","aq",0,2009
29,"Mayotte","aq",0,2010
29,"Mayotte","aq",0,2011
29,"Mayotte","aq",0,2012
29,"Mayotte","cf",2408.5,2005
29,"Mayotte","cf",0,2006
29,"Mayotte","cf",0,2007
29,"Mayotte","cf",0,2008
29,"Mayotte","cf",0,2009
29,"Mayotte","cf",0,2010
29,"Mayotte","cf",0,2011
29,"Mayotte","cf",0,2012
31,"Seychelles","aq",218,2005
31,"Seychelles","aq",218,2006
31,"Seychelles","aq",202,2007
31,"Seychelles","aq",0,2008
31,"Seychelles","aq",0,2009
31,"Seychelles","aq",0,2010
31,"Seychelles","aq",0,2011
31,"Seychelles","aq",0,2012
31,"Seychelles","cf",1930,2005
31,"Seychelles","cf",1930,2006
31,"Seychelles","cf",1980,2007
31,"Seychelles","cf",0,2008
31,"Seychelles","cf",0,2009
31,"Seychelles","cf",0,2010
31,"Seychelles","cf",0,2011
31,"Seychelles","cf",0,2012
37,"Mauritius","aq",65,2005
37,"Mauritius","aq",57,2006
37,"Mauritius","aq",80,2007
37,"Mauritius","aq",100,2008
37,"Mauritius","aq",92,2009
37,"Mauritius","aq",92,2010
37,"Mauritius","aq",142.15,2011
37,"Mauritius","aq",142.15,2012
37,"Mauritius","cf",6953,2005
37,"Mauritius","cf",6857.5,2006
37,"Mauritius","cf",7275.5,2007
37,"Mauritius","cf",6750.5,2008
37,"Mauritius","cf",6904,2009
37,"Mauritius","cf",7050,2010
37,"Mauritius","cf",6819,2011
37,"Mauritius","cf",7121,2012
39,"Maldives","cf",14395,2005
39,"Maldives","cf",14059,2006
39,"Maldives","cf",14241,2007
39,"Maldives","cf",14066,2008
39,"Maldives","cf",14423,2009
39,"Maldives","cf",11644,2010
39,"Maldives","cf",10971,2011
39,"Maldives","cf",10264,2012
40,"Sri Lanka","aq",2800,2005
40,"Sri Lanka","aq",2850,2006
40,"Sri Lanka","aq",3325,2007
40,"Sri Lanka","aq",3475,2008
40,"Sri Lanka","aq",2873.5,2009
40,"Sri Lanka","aq",3119,2010
40,"Sri Lanka","aq",17360.5,2011
40,"Sri Lanka","aq",9490,2012
40,"Sri Lanka","cf",125940,2005
40,"Sri Lanka","cf",130905,2006
40,"Sri Lanka","cf",141745,2007
40,"Sri Lanka","cf",148235,2008
40,"Sri Lanka","cf",141195,2009
40,"Sri Lanka","cf",166595.5,2010
40,"Sri Lanka","cf",179033.5,2011
40,"Sri Lanka","cf",171411,2012
41,"Mozambique","cf",0,2005
41,"Mozambique","cf",0,2006
41,"Mozambique","cf",0,2007
41,"Mozambique","cf",0,2008
41,"Mozambique","cf",0,2009
41,"Mozambique","cf",24953,2010
41,"Mozambique","cf",24953,2011
41,"Mozambique","cf",0,2012
42,"Madagascar","aq",24600,2005
42,"Madagascar","aq",26200,2006
42,"Madagascar","aq",27800,2007
42,"Madagascar","aq",27800,2008
42,"Madagascar","aq",27800,2009
42,"Madagascar","aq",27800,2010
42,"Madagascar","aq",27800,2011
42,"Madagascar","aq",27800,2012
42,"Madagascar","cf",61205,2005
42,"Madagascar","cf",61205,2006
42,"Madagascar","cf",75410,2007
42,"Madagascar","cf",75205,2008
42,"Madagascar","cf",75005,2009
42,"Madagascar","cf",74050,2010
42,"Madagascar","cf",74050,2011
42,"Madagascar","cf",74050,2012
43,"Kenya","aq",9702.15,2005
43,"Kenya","aq",4583.05,2006
43,"Kenya","aq",4583.05,2007
43,"Kenya","aq",4812.3,2008
43,"Kenya","aq",4812.3,2009
43,"Kenya","aq",19310.15,2010
43,"Kenya","aq",21241.15,2011
43,"Kenya","aq",52898.1,2012
43,"Kenya","cf",8335.35,2005
43,"Kenya","cf",9365.8,2006
43,"Kenya","cf",9456.85,2007
43,"Kenya","cf",11080.55,2008
43,"Kenya","cf",11080.55,2009
43,"Kenya","cf",11080.55,2010
43,"Kenya","cf",11080.55,2011
43,"Kenya","cf",12549.25,2012
47,"Yemen","cf",65199,2005
47,"Yemen","cf",0,2006
47,"Yemen","cf",77581,2007
47,"Yemen","cf",73444,2008
47,"Yemen","cf",73544,2009
47,"Yemen","cf",74856,2010
47,"Yemen","cf",74856,2011
47,"Yemen","cf",83157,2012
48,"Oman","cf",17905.5,2005
48,"Oman","cf",18490,2006
48,"Oman","cf",18761.5,2007
48,"Oman","cf",21133,2008
48,"Oman","cf",17054.5,2009
48,"Oman","cf",18879,2010
48,"Oman","cf",20784.5,2011
48,"Oman","cf",21612.5,2012
49,"Sudan","aq",0,2005
49,"Sudan","aq",0,2006
49,"Sudan","aq",0,2007
49,"Sudan","aq",33,2008
49,"Sudan","aq",94.3,2009
49,"Sudan","aq",0,2010
49,"Sudan","aq",0,2011
49,"Sudan","aq",0,2012
49,"Sudan","cf",0,2005
49,"Sudan","cf",1100,2006
49,"Sudan","cf",1250,2007
49,"Sudan","cf",1275,2008
49,"Sudan","cf",2965,2009
49,"Sudan","cf",0,2010
49,"Sudan","cf",0,2011
49,"Sudan","cf",0,2012
50,"Saudi Arabia","aq",2500,2005
50,"Saudi Arabia","aq",2500,2006
50,"Saudi Arabia","aq",0,2007
50,"Saudi Arabia","aq",0,2008
50,"Saudi Arabia","aq",0,2009
50,"Saudi Arabia","aq",0,2010
50,"Saudi Arabia","aq",0,2011
50,"Saudi Arabia","aq",0,2012
50,"Saudi Arabia","cf",13993,2005
50,"Saudi Arabia","cf",13906.5,2006
50,"Saudi Arabia","cf",0,2007
50,"Saudi Arabia","cf",0,2008
50,"Saudi Arabia","cf",0,2009
50,"Saudi Arabia","cf",0,2010
50,"Saudi Arabia","cf",0,2011
50,"Saudi Arabia","cf",0,2012
52,"Bahrain","aq",37.2,2005
52,"Bahrain","aq",40.4,2006
52,"Bahrain","aq",44.4,2007
52,"Bahrain","aq",44.4,2008
52,"Bahrain","aq",44.4,2009
52,"Bahrain","aq",44.4,2010
52,"Bahrain","aq",44.4,2011
52,"Bahrain","aq",44.4,2012
52,"Bahrain","cf",6665.25,2005
52,"Bahrain","cf",6665.25,2006
52,"Bahrain","cf",6665.25,2007
52,"Bahrain","cf",6665.25,2008
52,"Bahrain","cf",6665.25,2009
52,"Bahrain","cf",6665.25,2010
52,"Bahrain","cf",6665.25,2011
52,"Bahrain","cf",10310.25,2012
53,"Pakistan","cf",120174.55,2005
53,"Pakistan","cf",121343.25,2006
53,"Pakistan","cf",123609.75,2007
53,"Pakistan","cf",125112.45,2008
53,"Pakistan","cf",128135,2009
53,"Pakistan","cf",134429.95,2010
53,"Pakistan","cf",139134.8,2011
53,"Pakistan","cf",142168.6,2012
54,"United Arab Emirates","aq",40,2005
54,"United Arab Emirates","aq",0,2006
54,"United Arab Emirates","aq",0,2007
54,"United Arab Emirates","aq",0,2008
54,"United Arab Emirates","aq",27,2009
54,"United Arab Emirates","aq",0,2010
54,"United Arab Emirates","aq",44,2011
54,"United Arab Emirates","aq",0,2012
54,"United Arab Emirates","cf",11078.4,2005
54,"United Arab Emirates","cf",0,2006
54,"United Arab Emirates","cf",21220,2007
54,"United Arab Emirates","cf",20649,2008
54,"United Arab Emirates","cf",20812,2009
54,"United Arab Emirates","cf",18326,2010
54,"United Arab Emirates","cf",24765,2011
54,"United Arab Emirates","cf",0,2012
56,"Cape Verde","cf",4817,2005
56,"Cape Verde","cf",4817,2006
56,"Cape Verde","cf",4817,2007
56,"Cape Verde","cf",4840,2008
56,"Cape Verde","cf",4850,2009
56,"Cape Verde","cf",4870,2010
56,"Cape Verde","cf",4809,2011
56,"Cape Verde","cf",0,2012
59,"Belgium","aq",71.5,2005
59,"Belgium","aq",71.5,2006
59,"Belgium","aq",71.5,2007
59,"Belgium","aq",71.5,2008
59,"Belgium","aq",71.5,2009
59,"Belgium","aq",71.5,2010
59,"Belgium","aq",71.5,2011
59,"Belgium","aq",0,2012
59,"Belgium","cf",614.35,2005
59,"Belgium","cf",331.55,2006
59,"Belgium","cf",336.35,2007
59,"Belgium","cf",337.9,2008
59,"Belgium","cf",329.85,2009
59,"Belgium","cf",328.85,2010
59,"Belgium","cf",319.4,2011
59,"Belgium","cf",334.25,2012
61,"Tunisia","aq",145,2005
61,"Tunisia","aq",150,2006
61,"Tunisia","aq",491,2007
61,"Tunisia","aq",448,2008
61,"Tunisia","aq",428,2009
61,"Tunisia","aq",500,2010
61,"Tunisia","aq",793,2011
61,"Tunisia","aq",1001,2012
61,"Tunisia","cf",45267.2,2005
61,"Tunisia","cf",45104.6,2006
61,"Tunisia","cf",46887,2007
61,"Tunisia","cf",44454,2008
61,"Tunisia","cf",45581.2,2009
61,"Tunisia","cf",47448.4,2010
61,"Tunisia","cf",48054.8,2011
61,"Tunisia","cf",46858.2,2012
62,"Morocco","aq",0,2005
62,"Morocco","aq",0,2006
62,"Morocco","aq",0,2007
62,"Morocco","aq",0,2008
62,"Morocco","aq",0,2009
62,"Morocco","aq",0,2010
62,"Morocco","aq",122.25,2011
62,"Morocco","aq",79.5,2012
62,"Morocco","cf",105701,2005
62,"Morocco","cf",107393,2006
62,"Morocco","cf",108535,2007
62,"Morocco","cf",110879,2008
62,"Morocco","cf",110922,2009
62,"Morocco","cf",107296,2010
62,"Morocco","cf",101883,2011
62,"Morocco","cf",111185,2012
65,"Gambia","cf",0,2005
65,"Gambia","cf",2940.6,2006
65,"Gambia","cf",2940.6,2007
65,"Gambia","cf",0,2008
65,"Gambia","cf",0,2009
65,"Gambia","cf",0,2010
65,"Gambia","cf",0,2011
65,"Gambia","cf",3620.2,2012
68,"Malta","aq",136.6,2005
68,"Malta","aq",174.2,2006
68,"Malta","aq",221.2,2007
68,"Malta","aq",227,2008
68,"Malta","aq",208.4,2009
68,"Malta","aq",182.2,2010
68,"Malta","aq",179.8,2011
68,"Malta","aq",176.6,2012
68,"Malta","cf",918,2005
68,"Malta","cf",904.2,2006
68,"Malta","cf",715.2,2007
68,"Malta","cf",752.6,2008
68,"Malta","cf",718.8,2009
68,"Malta","cf",742.8,2010
68,"Malta","cf",764.4,2011
68,"Malta","cf",816.4,2012
69,"Latvia","aq",304.8,2005
69,"Latvia","aq",190.65,2006
69,"Latvia","aq",235.3,2007
69,"Latvia","aq",245,2008
69,"Latvia","aq",217.35,2009
69,"Latvia","aq",227.85,2010
69,"Latvia","aq",228,2011
69,"Latvia","aq",241,2012
69,"Latvia","cf",1901.65,2005
69,"Latvia","cf",1406.45,2006
69,"Latvia","cf",615.4,2007
69,"Latvia","cf",558.55,2008
69,"Latvia","cf",486.95,2009
69,"Latvia","cf",448.75,2010
69,"Latvia","cf",359.6,2011
69,"Latvia","cf",369.85,2012
70,"Estonia","aq",70,2005
70,"Estonia","aq",95,2006
70,"Estonia","aq",90,2007
70,"Estonia","aq",96,2008
70,"Estonia","aq",118,2009
70,"Estonia","aq",89,2010
70,"Estonia","aq",0,2011
70,"Estonia","aq",84,2012
70,"Estonia","cf",2281,2005
70,"Estonia","cf",2591.8,2006
70,"Estonia","cf",2985.6,2007
70,"Estonia","cf",2724,2008
70,"Estonia","cf",2137,2009
70,"Estonia","cf",2206,2010
70,"Estonia","cf",2003,2011
70,"Estonia","cf",2188.8,2012
71,"Bulgaria","aq",0,2005
71,"Bulgaria","aq",0,2006
71,"Bulgaria","aq",0,2007
71,"Bulgaria","aq",0,2008
71,"Bulgaria","aq",0,2009
71,"Bulgaria","aq",435.8,2010
71,"Bulgaria","aq",475.6,2011
71,"Bulgaria","aq",0,2012
71,"Bulgaria","cf",0,2005
71,"Bulgaria","cf",0,2006
71,"Bulgaria","cf",0,2007
71,"Bulgaria","cf",0,2008
71,"Bulgaria","cf",0,2009
71,"Bulgaria","cf",3400,2010
71,"Bulgaria","cf",3400,2011
71,"Bulgaria","cf",0,2012
72,"Romania","aq",2567.6,2005
72,"Romania","aq",3830.55,2006
72,"Romania","aq",0,2007
72,"Romania","aq",0,2008
72,"Romania","aq",0,2009
72,"Romania","aq",0,2010
72,"Romania","aq",0,2011
72,"Romania","aq",0,2012
72,"Romania","cf",485.85,2005
72,"Romania","cf",485.85,2006
72,"Romania","cf",0,2007
72,"Romania","cf",0,2008
72,"Romania","cf",0,2009
72,"Romania","cf",0,2010
72,"Romania","cf",0,2011
72,"Romania","cf",0,2012
73,"Russian Federation","aq",840,2005
73,"Russian Federation","aq",0,2006
73,"Russian Federation","aq",0,2007
73,"Russian Federation","aq",0,2008
73,"Russian Federation","aq",0,2009
73,"Russian Federation","aq",0,2010
73,"Russian Federation","aq",0,2011
73,"Russian Federation","aq",0,2012
73,"Russian Federation","cf",146020,2005
73,"Russian Federation","cf",0,2006
73,"Russian Federation","cf",0,2007
73,"Russian Federation","cf",0,2008
73,"Russian Federation","cf",0,2009
73,"Russian Federation","cf",0,2010
73,"Russian Federation","cf",0,2011
73,"Russian Federation","cf",0,2012
76,"Turkey","aq",2957,2005
76,"Turkey","aq",3071.5,2006
76,"Turkey","aq",0,2007
76,"Turkey","aq",4320,2008
76,"Turkey","aq",11149,2009
76,"Turkey","aq",11400,2010
76,"Turkey","aq",12032,2011
76,"Turkey","aq",8500,2012
76,"Turkey","cf",45526.5,2005
76,"Turkey","cf",51280,2006
76,"Turkey","cf",0,2007
76,"Turkey","cf",88289.6,2008
76,"Turkey","cf",87992.4,2009
76,"Turkey","cf",87741.2,2010
76,"Turkey","cf",36460.6,2011
76,"Turkey","cf",34966,2012
77,"Syrian Arab Republic","aq",1362.5,2005
77,"Syrian Arab Republic","aq",1478.5,2006
77,"Syrian Arab Republic","aq",1587.6,2007
77,"Syrian Arab Republic","aq",1530,2008
77,"Syrian Arab Republic","aq",1530,2009
77,"Syrian Arab Republic","aq",1447.5,2010
77,"Syrian Arab Republic","aq",0,2011
77,"Syrian Arab Republic","aq",0,2012
77,"Syrian Arab Republic","cf",6060,2005
77,"Syrian Arab Republic","cf",3800,2006
77,"Syrian Arab Republic","cf",3800,2007
77,"Syrian Arab Republic","cf",3800,2008
77,"Syrian Arab Republic","cf",3820,2009
77,"Syrian Arab Republic","cf",3987,2010
77,"Syrian Arab Republic","cf",0,2011
77,"Syrian Arab Republic","cf",0,2012
78,"Lebanon","aq",100,2005
78,"Lebanon","aq",100,2006
78,"Lebanon","aq",0,2007
78,"Lebanon","aq",0,2008
78,"Lebanon","aq",0,2009
78,"Lebanon","aq",0,2010
78,"Lebanon","aq",0,2011
78,"Lebanon","aq",0,2012
78,"Lebanon","cf",3950,2005
78,"Lebanon","cf",3950,2006
78,"Lebanon","cf",0,2007
78,"Lebanon","cf",0,2008
78,"Lebanon","cf",0,2009
78,"Lebanon","cf",0,2010
78,"Lebanon","cf",0,2011
78,"Lebanon","cf",0,2012
79,"Israel","cf",0,2005
79,"Israel","cf",0,2006
79,"Israel","cf",0,2007
79,"Israel","cf",0,2008
79,"Israel","cf",0,2009
79,"Israel","cf",0,2010
79,"Israel","cf",0,2011
79,"Israel","cf",610,2012
80,"Greece","aq",4626.4,2005
80,"Greece","aq",4721.8,2006
80,"Greece","aq",4784.2,2007
80,"Greece","aq",4807.8,2008
80,"Greece","aq",4393.4,2009
80,"Greece","aq",4081.8,2010
80,"Greece","aq",0,2011
80,"Greece","aq",0,2012
80,"Greece","cf",13720,2005
80,"Greece","cf",12995,2006
80,"Greece","cf",12957.8,2007
80,"Greece","cf",12577.4,2008
80,"Greece","cf",12085.6,2009
80,"Greece","cf",12014.6,2010
80,"Greece","cf",0,2011
80,"Greece","cf",0,2012
81,"Cyprus","aq",195.8,2005
81,"Cyprus","aq",225,2006
81,"Cyprus","aq",244.8,2007
81,"Cyprus","aq",337.8,2008
81,"Cyprus","aq",210.8,2009
81,"Cyprus","aq",223.6,2010
81,"Cyprus","aq",255.2,2011
81,"Cyprus","aq",273,2012
81,"Cyprus","cf",1178,2005
81,"Cyprus","cf",708.6,2006
81,"Cyprus","cf",727.4,2007
81,"Cyprus","cf",845.85,2008
81,"Cyprus","cf",790.05,2009
81,"Cyprus","cf",831.6,2010
81,"Cyprus","cf",808.35,2011
81,"Cyprus","cf",836.9,2012
82,"Albania","aq",250,2005
82,"Albania","aq",430,2006
82,"Albania","aq",360,2007
82,"Albania","aq",460,2008
82,"Albania","aq",430,2009
82,"Albania","aq",400,2010
82,"Albania","aq",820,2011
82,"Albania","aq",400,2012
82,"Albania","cf",1770,2005
82,"Albania","cf",1640,2006
82,"Albania","cf",1660,2007
82,"Albania","cf",1702,2008
82,"Albania","cf",1600,2009
82,"Albania","cf",1560,2010
82,"Albania","cf",1760,2011
82,"Albania","cf",1880,2012
84,"Algeria","cf",14830.5,2005
84,"Algeria","cf",16123,2006
84,"Algeria","cf",18576,2007
84,"Algeria","cf",19209.5,2008
84,"Algeria","cf",20339,2009
84,"Algeria","cf",20772,2010
84,"Algeria","cf",21380,2011
84,"Algeria","cf",21849,2012
86,"Saint Helena","cf",38.6,2005
86,"Saint Helena","cf",36.8,2006
86,"Saint Helena","cf",36.8,2007
86,"Saint Helena","cf",25.3,2008
86,"Saint Helena","cf",27.85,2009
86,"Saint Helena","cf",26.1,2010
86,"Saint Helena","cf",34.1,2011
86,"Saint Helena","cf",26.3,2012
95,"Falkland Is.(Malvinas)","aq",3.6,2005
95,"Falkland Is.(Malvinas)","aq",4,2006
95,"Falkland Is.(Malvinas)","aq",10,2007
95,"Falkland Is.(Malvinas)","aq",2,2008
95,"Falkland Is.(Malvinas)","aq",1,2009
95,"Falkland Is.(Malvinas)","aq",2.2,2010
95,"Falkland Is.(Malvinas)","aq",0.6,2011
95,"Falkland Is.(Malvinas)","aq",0.6,2012
95,"Falkland Is.(Malvinas)","cf",858,2005
95,"Falkland Is.(Malvinas)","cf",874.2,2006
95,"Falkland Is.(Malvinas)","cf",869,2007
95,"Falkland Is.(Malvinas)","cf",760,2008
95,"Falkland Is.(Malvinas)","cf",767,2009
95,"Falkland Is.(Malvinas)","cf",793,2010
95,"Falkland Is.(Malvinas)","cf",793,2011
95,"Falkland Is.(Malvinas)","cf",787,2012
96,"Sierra Leone","cf",0,2005
96,"Sierra Leone","cf",0,2006
96,"Sierra Leone","cf",0,2007
96,"Sierra Leone","cf",0,2008
96,"Sierra Leone","cf",18535,2009
96,"Sierra Leone","cf",0,2010
96,"Sierra Leone","cf",0,2011
96,"Sierra Leone","cf",0,2012
97,"Liberia","aq",254.1,2005
97,"Liberia","aq",254.1,2006
97,"Liberia","aq",271.1,2007
97,"Liberia","aq",271.1,2008
97,"Liberia","aq",0,2009
97,"Liberia","aq",0,2010
97,"Liberia","aq",0,2011
97,"Liberia","aq",0,2012
97,"Liberia","cf",4460,2005
97,"Liberia","cf",4460,2006
97,"Liberia","cf",8745.15,2007
97,"Liberia","cf",8745.15,2008
97,"Liberia","cf",0,2009
97,"Liberia","cf",0,2010
97,"Liberia","cf",0,2011
97,"Liberia","cf",0,2012
98,"Togo","aq",303,2005
98,"Togo","aq",303,2006
98,"Togo","aq",303,2007
98,"Togo","aq",0,2008
98,"Togo","aq",417.5,2009
98,"Togo","aq",417.5,2010
98,"Togo","aq",101.5,2011
98,"Togo","aq",0,2012
98,"Togo","cf",8050,2005
98,"Togo","cf",8050,2006
98,"Togo","cf",8050,2007
98,"Togo","cf",0,2008
98,"Togo","cf",4025,2009
98,"Togo","cf",4025,2010
98,"Togo","cf",3975,2011
98,"Togo","cf",0,2012
99,"Benin","aq",0,2005
99,"Benin","aq",0,2006
99,"Benin","aq",0,2007
99,"Benin","aq",0,2008
99,"Benin","aq",594,2009
99,"Benin","aq",679,2010
99,"Benin","aq",679,2011
99,"Benin","aq",679,2012
99,"Benin","cf",4345,2005
99,"Benin","cf",4345,2006
99,"Benin","cf",4345,2007
99,"Benin","cf",4345,2008
99,"Benin","cf",5080,2009
99,"Benin","cf",5080,2010
99,"Benin","cf",5080,2011
99,"Benin","cf",5080,2012
101,"Namibia","aq",199,2005
101,"Namibia","aq",225,2006
101,"Namibia","aq",152,2007
101,"Namibia","aq",140,2008
101,"Namibia","aq",140,2009
101,"Namibia","aq",145,2010
101,"Namibia","aq",167,2011
101,"Namibia","aq",0,2012
101,"Namibia","cf",5500,2005
101,"Namibia","cf",5791,2006
101,"Namibia","cf",5972,2007
101,"Namibia","cf",5716,2008
101,"Namibia","cf",6412.5,2009
101,"Namibia","cf",9888.15,2010
101,"Namibia","cf",9520.25,2011
101,"Namibia","cf",0,2012
102,"South Africa","aq",0,2005
102,"South Africa","aq",0,2006
102,"South Africa","aq",0,2007
102,"South Africa","aq",0,2008
102,"South Africa","aq",0,2009
102,"South Africa","aq",1556,2010
102,"South Africa","aq",0,2011
102,"South Africa","aq",0,2012
102,"South Africa","cf",0,2005
102,"South Africa","cf",0,2006
102,"South Africa","cf",0,2007
102,"South Africa","cf",28075,2008
102,"South Africa","cf",28075,2009
102,"South Africa","cf",0,2010
102,"South Africa","cf",0,2011
102,"South Africa","cf",0,2012
104,"Equatorial Guinea","aq",0,2005
104,"Equatorial Guinea","aq",0,2006
104,"Equatorial Guinea","aq",25.8,2007
104,"Equatorial Guinea","aq",24,2008
104,"Equatorial Guinea","aq",24,2009
104,"Equatorial Guinea","aq",0,2010
104,"Equatorial Guinea","aq",0,2011
104,"Equatorial Guinea","aq",0,2012
104,"Equatorial Guinea","cf",0,2005
104,"Equatorial Guinea","cf",1800,2006
104,"Equatorial Guinea","cf",1800,2007
104,"Equatorial Guinea","cf",646,2008
104,"Equatorial Guinea","cf",1239.5,2009
104,"Equatorial Guinea","cf",0,2010
104,"Equatorial Guinea","cf",0,2011
104,"Equatorial Guinea","cf",0,2012
106,"Ghana","aq",0,2005
106,"Ghana","aq",0,2006
106,"Ghana","aq",0,2007
106,"Ghana","aq",0,2008
106,"Ghana","aq",0,2009
106,"Ghana","aq",2148,2010
106,"Ghana","aq",0,2011
106,"Ghana","aq",0,2012
108,"Bermuda","cf",160.05,2005
108,"Bermuda","cf",155.55,2006
108,"Bermuda","cf",160.35,2007
108,"Bermuda","cf",146.95,2008
108,"Bermuda","cf",172.25,2009
108,"Bermuda","cf",174.25,2010
108,"Bermuda","cf",174.7,2011
108,"Bermuda","cf",201.25,2012
110,"Bahamas","aq",0,2005
110,"Bahamas","aq",0,2006
110,"Bahamas","aq",0,2007
110,"Bahamas","aq",0,2008
110,"Bahamas","aq",7.25,2009
110,"Bahamas","aq",7.25,2010
110,"Bahamas","aq",0,2011
110,"Bahamas","aq",0,2012
110,"Bahamas","cf",1200,2005
110,"Bahamas","cf",0,2006
110,"Bahamas","cf",0,2007
110,"Bahamas","cf",0,2008
110,"Bahamas","cf",1050,2009
110,"Bahamas","cf",1050,2010
110,"Bahamas","cf",0,2011
110,"Bahamas","cf",0,2012
111,"Turks and Caicos Is.","cf",202,2005
111,"Turks and Caicos Is.","cf",203.5,2006
111,"Turks and Caicos Is.","cf",194,2007
111,"Turks and Caicos Is.","cf",183,2008
111,"Turks and Caicos Is.","cf",160,2009
111,"Turks and Caicos Is.","cf",144,2010
111,"Turks and Caicos Is.","cf",0,2011
111,"Turks and Caicos Is.","cf",0,2012
112,"Cuba","aq",3367.2,2005
112,"Cuba","aq",3099,2006
112,"Cuba","aq",3116,2007
112,"Cuba","aq",3435,2008
112,"Cuba","aq",3873,2009
112,"Cuba","aq",3873,2010
112,"Cuba","aq",3873,2011
112,"Cuba","aq",3564,2012
112,"Cuba","cf",5457,2005
112,"Cuba","cf",6680,2006
112,"Cuba","cf",6747,2007
112,"Cuba","cf",4948,2008
112,"Cuba","cf",3944,2009
112,"Cuba","cf",3944,2010
112,"Cuba","cf",3855,2011
112,"Cuba","cf",4115,2012
114,"Haiti","aq",0,2005
114,"Haiti","aq",0,2006
114,"Haiti","aq",0,2007
114,"Haiti","aq",0,2008
114,"Haiti","aq",0,2009
114,"Haiti","aq",0,2010
114,"Haiti","aq",445.5,2011
114,"Haiti","aq",0,2012
114,"Haiti","cf",0,2005
114,"Haiti","cf",0,2006
114,"Haiti","cf",0,2007
114,"Haiti","cf",0,2008
114,"Haiti","cf",0,2009
114,"Haiti","cf",0,2010
114,"Haiti","cf",38400,2011
114,"Haiti","cf",0,2012
115,"Dominican Republic","cf",7424.6,2005
115,"Dominican Republic","cf",0,2006
115,"Dominican Republic","cf",0,2007
115,"Dominican Republic","cf",0,2008
115,"Dominican Republic","cf",0,2009
115,"Dominican Republic","cf",0,2010
115,"Dominican Republic","cf",0,2011
115,"Dominican Republic","cf",0,2012
116,"Puerto Rico and Virgin Islands of the United States","cf",867,2005
116,"Puerto Rico and Virgin Islands of the United States","cf",0,2006
116,"Puerto Rico and Virgin Islands of the United States","cf",0,2007
116,"Puerto Rico and Virgin Islands of the United States","cf",786.4,2008
116,"Puerto Rico and Virgin Islands of the United States","cf",0,2009
116,"Puerto Rico and Virgin Islands of the United States","cf",0,2010
116,"Puerto Rico and Virgin Islands of the United States","cf",131.5,2011
116,"Puerto Rico and Virgin Islands of the United States","cf",0,2012
117,"British Virgin Islands","cf",95,2005
117,"British Virgin Islands","cf",0,2006
117,"British Virgin Islands","cf",0,2007
117,"British Virgin Islands","cf",0,2008
117,"British Virgin Islands","cf",0,2009
117,"British Virgin Islands","cf",95,2010
117,"British Virgin Islands","cf",0,2011
117,"British Virgin Islands","cf",0,2012
118,"Anguilla","cf",402,2005
118,"Anguilla","cf",385,2006
118,"Anguilla","cf",280,2007
118,"Anguilla","cf",244.2,2008
118,"Anguilla","cf",188,2009
118,"Anguilla","cf",188,2010
118,"Anguilla","cf",188,2011
118,"Anguilla","cf",191.8,2012
119,"Saint Kitts and Nevis","aq",0,2005
119,"Saint Kitts and Nevis","aq",0,2006
119,"Saint Kitts and Nevis","aq",0,2007
119,"Saint Kitts and Nevis","aq",0,2008
119,"Saint Kitts and Nevis","aq",0,2009
119,"Saint Kitts and Nevis","aq",1,2010
119,"Saint Kitts and Nevis","aq",1,2011
119,"Saint Kitts and Nevis","aq",0,2012
119,"Saint Kitts and Nevis","cf",0,2005
119,"Saint Kitts and Nevis","cf",0,2006
119,"Saint Kitts and Nevis","cf",0,2007
119,"Saint Kitts and Nevis","cf",0,2008
119,"Saint Kitts and Nevis","cf",0,2009
119,"Saint Kitts and Nevis","cf",551.35,2010
119,"Saint Kitts and Nevis","cf",564.6,2011
119,"Saint Kitts and Nevis","cf",0,2012
120,"Antigua and Barbuda","aq",0.75,2005
120,"Antigua and Barbuda","aq",0.75,2006
120,"Antigua and Barbuda","aq",0.75,2007
120,"Antigua and Barbuda","aq",0.75,2008
120,"Antigua and Barbuda","aq",0.75,2009
120,"Antigua and Barbuda","aq",0.75,2010
120,"Antigua and Barbuda","aq",0.75,2011
120,"Antigua and Barbuda","aq",0,2012
120,"Antigua and Barbuda","cf",839.6,2005
120,"Antigua and Barbuda","cf",912.45,2006
120,"Antigua and Barbuda","cf",947.2,2007
120,"Antigua and Barbuda","cf",1001.5,2008
120,"Antigua and Barbuda","cf",1071.35,2009
120,"Antigua and Barbuda","cf",1133.2,2010
120,"Antigua and Barbuda","cf",1173.4,2011
120,"Antigua and Barbuda","cf",0,2012
121,"Montserrat","cf",0,2005
121,"Montserrat","cf",0,2006
121,"Montserrat","cf",166.6,2007
121,"Montserrat","cf",179.7,2008
121,"Montserrat","cf",195.5,2009
121,"Montserrat","cf",196.1,2010
121,"Montserrat","cf",0,2011
121,"Montserrat","cf",0,2012
122,"Saint Lucia","aq",41,2005
122,"Saint Lucia","aq",24.3,2006
122,"Saint Lucia","aq",37.8,2007
122,"Saint Lucia","aq",48,2008
122,"Saint Lucia","aq",82.8,2009
122,"Saint Lucia","aq",55.2,2010
122,"Saint Lucia","aq",72,2011
122,"Saint Lucia","aq",74.4,2012
122,"Saint Lucia","cf",1872.9,2005
122,"Saint Lucia","cf",1914.1,2006
122,"Saint Lucia","cf",1955.7,2007
122,"Saint Lucia","cf",1958,2008
122,"Saint Lucia","cf",1983,2009
122,"Saint Lucia","cf",2001.5,2010
122,"Saint Lucia","cf",2033.9,2011
122,"Saint Lucia","cf",2067.5,2012
123,"Dominica","cf",1053.3,2005
123,"Dominica","cf",1079.8,2006
123,"Dominica","cf",1148.7,2007
123,"Dominica","cf",1194.6,2008
123,"Dominica","cf",1200.1,2009
123,"Dominica","cf",1146.4,2010
123,"Dominica","cf",937.6,2011
123,"Dominica","cf",1041.8,2012
124,"Barbados","cf",2515,2005
124,"Barbados","cf",0,2006
124,"Barbados","cf",0,2007
124,"Barbados","cf",0,2008
124,"Barbados","cf",0,2009
124,"Barbados","cf",2515,2010
124,"Barbados","cf",0,2011
124,"Barbados","cf",0,2012
125,"Grenada","cf",2277.5,2005
125,"Grenada","cf",2277.5,2006
125,"Grenada","cf",2348.5,2007
125,"Grenada","cf",2432,2008
125,"Grenada","cf",2575.5,2009
125,"Grenada","cf",2612.5,2010
125,"Grenada","cf",2659.25,2011
125,"Grenada","cf",0,2012
126,"Trinidad and Tobago","cf",7938,2005
126,"Trinidad and Tobago","cf",8603.7,2006
126,"Trinidad and Tobago","cf",0,2007
126,"Trinidad and Tobago","cf",0,2008
126,"Trinidad and Tobago","cf",0,2009
126,"Trinidad and Tobago","cf",0,2010
126,"Trinidad and Tobago","cf",0,2011
126,"Trinidad and Tobago","cf",0,2012
127,"Saint Vincent/Grenadines","cf",2145,2005
127,"Saint Vincent/Grenadines","cf",2145,2006
127,"Saint Vincent/Grenadines","cf",2145,2007
127,"Saint Vincent/Grenadines","cf",2145,2008
127,"Saint Vincent/Grenadines","cf",2145,2009
127,"Saint Vincent/Grenadines","cf",2145,2010
127,"Saint Vincent/Grenadines","cf",2145,2011
127,"Saint Vincent/Grenadines","cf",0,2012
129,"Panama","aq",0,2005
129,"Panama","aq",0,2006
129,"Panama","aq",0,2007
129,"Panama","aq",0,2008
129,"Panama","aq",770.8,2009
129,"Panama","aq",753.8,2010
129,"Panama","aq",819,2011
129,"Panama","aq",650,2012
129,"Panama","cf",31046,2005
129,"Panama","cf",31636,2006
129,"Panama","cf",33169,2007
129,"Panama","cf",34557,2008
129,"Panama","cf",34557,2009
129,"Panama","cf",39983,2010
129,"Panama","cf",31476,2011
129,"Panama","cf",33620,2012
131,"Nicaragua","aq",5367.5,2005
131,"Nicaragua","aq",0,2006
131,"Nicaragua","aq",0,2007
131,"Nicaragua","aq",0,2008
131,"Nicaragua","aq",4171,2009
131,"Nicaragua","aq",5303.5,2010
131,"Nicaragua","aq",5648,2011
131,"Nicaragua","aq",5472.5,2012
131,"Nicaragua","cf",14419,2005
131,"Nicaragua","cf",0,2006
131,"Nicaragua","cf",0,2007
131,"Nicaragua","cf",0,2008
131,"Nicaragua","cf",8463,2009
131,"Nicaragua","cf",10698,2010
131,"Nicaragua","cf",14050,2011
131,"Nicaragua","cf",14972,2012
132,"Colombia","aq",0,2005
132,"Colombia","aq",0,2006
132,"Colombia","aq",0,2007
132,"Colombia","aq",0,2008
132,"Colombia","aq",0,2009
132,"Colombia","aq",30436,2010
132,"Colombia","aq",0,2011
132,"Colombia","aq",0,2012
133,"Honduras","aq",0,2005
133,"Honduras","aq",0,2006
133,"Honduras","aq",0,2007
133,"Honduras","aq",0,2008
133,"Honduras","aq",0,2009
133,"Honduras","aq",0,2010
133,"Honduras","aq",0,2011
133,"Honduras","aq",31228,2012
133,"Honduras","cf",1200,2005
133,"Honduras","cf",0,2006
133,"Honduras","cf",8575,2007
133,"Honduras","cf",2190.5,2008
133,"Honduras","cf",0,2009
133,"Honduras","cf",0,2010
133,"Honduras","cf",0,2011
133,"Honduras","cf",22533,2012
134,"El Salvador","aq",339.15,2005
134,"El Salvador","aq",1102.2,2006
134,"El Salvador","aq",1150.8,2007
134,"El Salvador","aq",1319.4,2008
134,"El Salvador","aq",0,2009
134,"El Salvador","aq",0,2010
134,"El Salvador","aq",0,2011
134,"El Salvador","aq",0,2012
134,"El Salvador","cf",9108.65,2005
134,"El Salvador","cf",9051.4,2006
134,"El Salvador","cf",9276.9,2007
134,"El Salvador","cf",10231.3,2008
134,"El Salvador","cf",0,2009
134,"El Salvador","cf",0,2010
134,"El Salvador","cf",0,2011
134,"El Salvador","cf",0,2012
135,"Mexico","aq",11761,2005
135,"Mexico","aq",12499.5,2006
135,"Mexico","aq",15209,2007
135,"Mexico","aq",15167.5,2008
135,"Mexico","aq",15345,2009
135,"Mexico","aq",15376.5,2010
135,"Mexico","aq",24343.5,2011
135,"Mexico","aq",28066.5,2012
135,"Mexico","cf",98077.5,2005
135,"Mexico","cf",97553,2006
135,"Mexico","cf",96913,2007
135,"Mexico","cf",92266,2008
135,"Mexico","cf",91834,2009
135,"Mexico","cf",91092,2010
135,"Mexico","cf",79552.5,2011
135,"Mexico","cf",75250,2012
136,"Guatemala","aq",0,2005
136,"Guatemala","aq",0,2006
136,"Guatemala","aq",0,2007
136,"Guatemala","aq",150,2008
136,"Guatemala","aq",150,2009
136,"Guatemala","aq",868,2010
136,"Guatemala","aq",1175.5,2011
136,"Guatemala","aq",0,2012
136,"Guatemala","cf",0,2005
136,"Guatemala","cf",0,2006
136,"Guatemala","cf",0,2007
136,"Guatemala","cf",403,2008
136,"Guatemala","cf",321,2009
136,"Guatemala","cf",409,2010
136,"Guatemala","cf",6454,2011
136,"Guatemala","cf",0,2012
137,"Ecuador","aq",72200,2005
137,"Ecuador","aq",72200,2006
137,"Ecuador","aq",0,2007
137,"Ecuador","aq",0,2008
137,"Ecuador","aq",0,2009
137,"Ecuador","aq",0,2010
137,"Ecuador","aq",0,2011
137,"Ecuador","aq",0,2012
137,"Ecuador","cf",56969,2005
137,"Ecuador","cf",57299,2006
137,"Ecuador","cf",22604.5,2007
137,"Ecuador","cf",0,2008
137,"Ecuador","cf",82447,2009
137,"Ecuador","cf",126081,2010
137,"Ecuador","cf",126081,2011
137,"Ecuador","cf",145720,2012
138,"Peru","aq",4395.5,2005
138,"Peru","aq",4497.15,2006
138,"Peru","aq",4486,2007
138,"Peru","aq",0,2008
138,"Peru","aq",0,2009
138,"Peru","aq",0,2010
138,"Peru","aq",0,2011
138,"Peru","aq",0,2012
138,"Peru","cf",58124,2005
138,"Peru","cf",60416.9,2006
138,"Peru","cf",61498,2007
138,"Peru","cf",0,2008
138,"Peru","cf",0,2009
138,"Peru","cf",0,2010
138,"Peru","cf",0,2011
138,"Peru","cf",0,2012
139,"Venezuela, Boliv Rep of","cf",0,2005
139,"Venezuela, Boliv Rep of","cf",0,2006
139,"Venezuela, Boliv Rep of","cf",0,2007
139,"Venezuela, Boliv Rep of","cf",11922.5,2008
139,"Venezuela, Boliv Rep of","cf",0,2009
139,"Venezuela, Boliv Rep of","cf",0,2010
139,"Venezuela, Boliv Rep of","cf",0,2011
139,"Venezuela, Boliv Rep of","cf",0,2012
140,"Guadeloupe and Martinique","cf",1954.9,2005
140,"Guadeloupe and Martinique","cf",1901.45,2006
140,"Guadeloupe and Martinique","cf",1858,2007
140,"Guadeloupe and Martinique","cf",1819.3,2008
140,"Guadeloupe and Martinique","cf",1799.75,2009
140,"Guadeloupe and Martinique","cf",1849.85,2010
140,"Guadeloupe and Martinique","cf",1814.75,2011
140,"Guadeloupe and Martinique","cf",1758.2,2012
141,"Faroe Islands","aq",0,2005
141,"Faroe Islands","aq",0,2006
141,"Faroe Islands","aq",0,2007
141,"Faroe Islands","aq",0,2008
141,"Faroe Islands","aq",0,2009
141,"Faroe Islands","aq",322.5,2010
141,"Faroe Islands","aq",332.5,2011
141,"Faroe Islands","aq",0,2012
141,"Faroe Islands","cf",0,2005
141,"Faroe Islands","cf",0,2006
141,"Faroe Islands","cf",0,2007
141,"Faroe Islands","cf",0,2008
141,"Faroe Islands","cf",0,2009
141,"Faroe Islands","cf",884.5,2010
141,"Faroe Islands","cf",821,2011
141,"Faroe Islands","cf",0,2012
143,"Iceland","cf",2550,2005
143,"Iceland","cf",2300,2006
143,"Iceland","cf",2250,2007
143,"Iceland","cf",2100,2008
143,"Iceland","cf",2350,2009
143,"Iceland","cf",2650,2010
143,"Iceland","cf",2600,2011
143,"Iceland","cf",2450,2012
145,"Greenland","cf",1403,2005
145,"Greenland","cf",1442,2006
145,"Greenland","cf",1264,2007
145,"Greenland","cf",0,2008
145,"Greenland","cf",1111,2009
145,"Greenland","cf",0,2010
145,"Greenland","cf",0,2011
145,"Greenland","cf",0,2012
147,"French Polynesia","aq",60,2005
147,"French Polynesia","aq",60,2006
147,"French Polynesia","aq",15.6,2007
147,"French Polynesia","aq",15.6,2008
147,"French Polynesia","aq",15.6,2009
147,"French Polynesia","aq",15.6,2010
147,"French Polynesia","aq",15.6,2011
147,"French Polynesia","aq",22.8,2012
147,"French Polynesia","cf",3209,2005
147,"French Polynesia","cf",4236,2006
147,"French Polynesia","cf",4352,2007
147,"French Polynesia","cf",4465,2008
147,"French Polynesia","cf",4588,2009
147,"French Polynesia","cf",4812,2010
147,"French Polynesia","cf",6036.6,2011
147,"French Polynesia","cf",0,2012
151,"American Samoa","aq",0.75,2005
151,"American Samoa","aq",0,2006
151,"American Samoa","aq",0,2007
151,"American Samoa","aq",0,2008
151,"American Samoa","aq",0,2009
151,"American Samoa","aq",0.75,2010
151,"American Samoa","aq",0,2011
151,"American Samoa","aq",0,2012
151,"American Samoa","cf",64.7,2005
151,"American Samoa","cf",0,2006
151,"American Samoa","cf",0,2007
151,"American Samoa","cf",0,2008
151,"American Samoa","cf",0,2009
151,"American Samoa","cf",64.7,2010
151,"American Samoa","cf",0,2011
151,"American Samoa","cf",0,2012
152,"Samoa","aq",0,2005
152,"Samoa","aq",0,2006
152,"Samoa","aq",0,2007
152,"Samoa","aq",1.65,2008
152,"Samoa","aq",1.35,2009
152,"Samoa","aq",0,2010
152,"Samoa","aq",0,2011
152,"Samoa","aq",0,2012
153,"Cook Islands","aq",0,2005
153,"Cook Islands","aq",2.75,2006
153,"Cook Islands","aq",0,2007
153,"Cook Islands","aq",0,2008
153,"Cook Islands","aq",0,2009
153,"Cook Islands","aq",0,2010
153,"Cook Islands","aq",0,2011
153,"Cook Islands","aq",0,2012
153,"Cook Islands","cf",0,2005
153,"Cook Islands","cf",23,2006
153,"Cook Islands","cf",0,2007
153,"Cook Islands","cf",0,2008
153,"Cook Islands","cf",0,2009
153,"Cook Islands","cf",0,2010
153,"Cook Islands","cf",0,2011
153,"Cook Islands","cf",0,2012
154,"Niue","cf",0,2005
154,"Niue","cf",102,2006
154,"Niue","cf",0,2007
154,"Niue","cf",0,2008
154,"Niue","cf",0,2009
154,"Niue","cf",50.2,2010
154,"Niue","cf",39,2011
154,"Niue","cf",59.3,2012
155,"Tonga","aq",60.4,2005
155,"Tonga","aq",60.4,2006
155,"Tonga","aq",60.4,2007
155,"Tonga","aq",60.4,2008
155,"Tonga","aq",60.4,2009
155,"Tonga","aq",60.4,2010
155,"Tonga","aq",60.4,2011
155,"Tonga","aq",60.4,2012
155,"Tonga","cf",3048.65,2005
155,"Tonga","cf",3048.65,2006
155,"Tonga","cf",3048.65,2007
155,"Tonga","cf",3048.65,2008
155,"Tonga","cf",3048.65,2009
155,"Tonga","cf",3048.65,2010
155,"Tonga","cf",3048.65,2011
155,"Tonga","cf",3048.65,2012
162,"New Zealand","aq",648,2005
162,"New Zealand","aq",790,2006
162,"New Zealand","aq",750,2007
162,"New Zealand","aq",730,2008
162,"New Zealand","aq",710,2009
162,"New Zealand","aq",690,2010
162,"New Zealand","aq",670,2011
162,"New Zealand","aq",0,2012
162,"New Zealand","cf",1548,2005
162,"New Zealand","cf",1467,2006
162,"New Zealand","cf",1375,2007
162,"New Zealand","cf",1293,2008
162,"New Zealand","cf",1243,2009
162,"New Zealand","cf",1254,2010
162,"New Zealand","cf",805,2011
162,"New Zealand","cf",1256,2012
163,"United States of America","aq",2943,2005
163,"United States of America","aq",2964,2006
163,"United States of America","aq",3230,2007
163,"United States of America","aq",3027.5,2008
163,"United States of America","aq",2914,2009
163,"United States of America","aq",2951.5,2010
163,"United States of America","aq",0,2011
163,"United States of America","aq",0,2012
164,"Belize","cf",2026,2005
164,"Belize","cf",2131,2006
164,"Belize","cf",2110,2007
164,"Belize","cf",2267,2008
164,"Belize","cf",2759,2009
164,"Belize","cf",2472,2010
164,"Belize","cf",2582,2011
164,"Belize","cf",2759,2012
166,"Jamaica","aq",860,2005
166,"Jamaica","aq",0,2006
166,"Jamaica","aq",0,2007
166,"Jamaica","aq",0,2008
166,"Jamaica","aq",0,2009
166,"Jamaica","aq",540,2010
166,"Jamaica","aq",0,2011
166,"Jamaica","aq",0,2012
166,"Jamaica","cf",14611.45,2005
166,"Jamaica","cf",14314.1,2006
166,"Jamaica","cf",15651.7,2007
166,"Jamaica","cf",16505.35,2008
166,"Jamaica","cf",16651.85,2009
166,"Jamaica","cf",17193.7,2010
166,"Jamaica","cf",0,2011
166,"Jamaica","cf",0,2012
167,"Guyana","aq",70.2,2005
167,"Guyana","aq",70.2,2006
167,"Guyana","aq",70.2,2007
167,"Guyana","aq",63,2008
167,"Guyana","aq",65.55,2009
167,"Guyana","aq",81,2010
167,"Guyana","aq",81,2011
167,"Guyana","aq",97.5,2012
167,"Guyana","cf",6391,2005
167,"Guyana","cf",6391,2006
167,"Guyana","cf",6391,2007
167,"Guyana","cf",6000,2008
167,"Guyana","cf",6000,2009
167,"Guyana","cf",6500,2010
167,"Guyana","cf",6500,2011
167,"Guyana","cf",6867.2,2012
168,"Suriname","aq",59,2005
168,"Suriname","aq",30,2006
168,"Suriname","aq",31.05,2007
168,"Suriname","aq",0,2008
168,"Suriname","aq",0,2009
168,"Suriname","aq",0,2010
168,"Suriname","aq",0,2011
168,"Suriname","aq",0,2012
168,"Suriname","cf",1760,2005
168,"Suriname","cf",1705,2006
168,"Suriname","cf",1652,2007
168,"Suriname","cf",0,2008
168,"Suriname","cf",1828.5,2009
168,"Suriname","cf",0,2010
168,"Suriname","cf",0,2011
168,"Suriname","cf",0,2012
169,"French Guiana","cf",56.25,2005
169,"French Guiana","cf",268.25,2006
169,"French Guiana","cf",138.35,2007
169,"French Guiana","cf",233.3,2008
169,"French Guiana","cf",200.95,2009
169,"French Guiana","cf",202.9,2010
169,"French Guiana","cf",190.8,2011
169,"French Guiana","cf",0,2012
171,"Brazil","cf",423000,2005
171,"Brazil","cf",0,2006
171,"Brazil","cf",443176,2007
171,"Brazil","cf",481000,2008
171,"Brazil","cf",532912,2009
171,"Brazil","cf",546755,2010
171,"Brazil","cf",560073,2011
171,"Brazil","cf",0,2012
172,"Argentina","aq",0,2005
172,"Argentina","aq",0,2006
172,"Argentina","aq",0,2007
172,"Argentina","aq",0,2008
172,"Argentina","aq",0,2009
172,"Argentina","aq",0,2010
172,"Argentina","aq",525,2011
172,"Argentina","aq",619,2012
172,"Argentina","cf",14631,2005
172,"Argentina","cf",16918,2006
172,"Argentina","cf",16554,2007
172,"Argentina","cf",22598,2008
172,"Argentina","cf",15008,2009
172,"Argentina","cf",14769,2010
172,"Argentina","cf",15158,2011
172,"Argentina","cf",14268,2012
173,"Uruguay","aq",50,2005
173,"Uruguay","aq",50,2006
173,"Uruguay","aq",0,2007
173,"Uruguay","aq",0,2008
173,"Uruguay","aq",0,2009
173,"Uruguay","aq",0,2010
173,"Uruguay","aq",0,2011
173,"Uruguay","aq",97.65,2012
173,"Uruguay","cf",1628.5,2005
173,"Uruguay","cf",0,2006
173,"Uruguay","cf",0,2007
173,"Uruguay","cf",0,2008
173,"Uruguay","cf",0,2009
173,"Uruguay","cf",0,2010
173,"Uruguay","cf",0,2011
173,"Uruguay","cf",0,2012
174,"Finland","aq",1158.6,2005
174,"Finland","aq",955,2006
174,"Finland","aq",1098.4,2007
174,"Finland","aq",985,2008
174,"Finland","aq",875.8,2009
174,"Finland","aq",954.8,2010
174,"Finland","aq",952.2,2011
174,"Finland","aq",949.4,2012
174,"Finland","cf",1634.6,2005
174,"Finland","cf",1544.8,2006
174,"Finland","cf",1502.6,2007
174,"Finland","cf",1514.2,2008
174,"Finland","cf",1487.4,2009
174,"Finland","cf",1558.6,2010
174,"Finland","cf",1534.2,2011
174,"Finland","cf",1507,2012
175,"Denmark","aq",548.2,2005
175,"Denmark","aq",526.6,2006
175,"Denmark","aq",519.8,2007
175,"Denmark","aq",469,2008
175,"Denmark","aq",418.2,2009
175,"Denmark","aq",407.2,2010
175,"Denmark","aq",0,2011
175,"Denmark","aq",0,2012
175,"Denmark","cf",3126.6,2005
175,"Denmark","cf",2783,2006
175,"Denmark","cf",2476.2,2007
175,"Denmark","cf",2063.8,2008
175,"Denmark","cf",1905.2,2009
175,"Denmark","cf",1849.6,2010
175,"Denmark","cf",0,2011
175,"Denmark","cf",0,2012
176,"Germany","aq",0,2005
176,"Germany","aq",0,2006
176,"Germany","aq",0,2007
176,"Germany","aq",0,2008
176,"Germany","aq",0,2009
176,"Germany","aq",0,2010
176,"Germany","aq",3.5,2011
176,"Germany","aq",0,2012
176,"Germany","cf",1863.5,2005
176,"Germany","cf",1758,2006
176,"Germany","cf",1637.5,2007
176,"Germany","cf",1587,2008
176,"Germany","cf",1524,2009
176,"Germany","cf",1444.5,2010
176,"Germany","cf",1342,2011
176,"Germany","cf",0,2012
177,"Netherlands","aq",42.5,2005
177,"Netherlands","aq",0,2006
177,"Netherlands","aq",0,2007
177,"Netherlands","aq",0,2008
177,"Netherlands","aq",0,2009
177,"Netherlands","aq",0,2010
177,"Netherlands","aq",0,2011
177,"Netherlands","aq",0,2012
178,"Poland","aq",2500,2005
178,"Poland","aq",2500,2006
178,"Poland","aq",2101,2007
178,"Poland","aq",1300,2008
178,"Poland","aq",2720,2009
178,"Poland","aq",2700,2010
178,"Poland","aq",2465,2011
178,"Poland","aq",2775,2012
178,"Poland","cf",3218,2005
178,"Poland","cf",2826,2006
178,"Poland","cf",2766,2007
178,"Poland","cf",2670,2008
178,"Poland","cf",2416,2009
178,"Poland","cf",2407,2010
178,"Poland","cf",2433,2011
178,"Poland","cf",2533,2012
179,"France","aq",15824.2,2005
179,"France","aq",15839.2,2006
179,"France","aq",0,2007
179,"France","aq",0,2008
179,"France","aq",0,2009
179,"France","aq",12246.65,2010
179,"France","aq",11590.6,2011
179,"France","aq",11590.6,2012
179,"France","cf",0,2005
179,"France","cf",0,2006
179,"France","cf",12494.3,2007
179,"France","cf",0,2008
179,"France","cf",10129.95,2009
179,"France","cf",10958.25,2010
179,"France","cf",10806.5,2011
179,"France","cf",10806.5,2012
180,"United Kingdom","aq",1630,2005
180,"United Kingdom","aq",1595,2006
180,"United Kingdom","aq",2801.35,2007
180,"United Kingdom","aq",0,2008
180,"United Kingdom","aq",2495.2,2009
180,"United Kingdom","aq",2597,2010
180,"United Kingdom","aq",3496,2011
180,"United Kingdom","aq",0,2012
180,"United Kingdom","cf",11729.4,2005
180,"United Kingdom","cf",11903.6,2006
180,"United Kingdom","cf",10689.9,2007
180,"United Kingdom","cf",10415.9,2008
180,"United Kingdom","cf",10441.45,2009
180,"United Kingdom","cf",10441.45,2010
180,"United Kingdom","cf",0,2011
180,"United Kingdom","cf",0,2012
181,"Ireland","aq",1273.4,2005
181,"Ireland","aq",2960.2,2006
181,"Ireland","aq",1109.15,2007
181,"Ireland","aq",3710.7,2008
181,"Ireland","aq",2981.6,2009
181,"Ireland","aq",2828.9,2010
181,"Ireland","aq",2758.8,2011
181,"Ireland","aq",2793.45,2012
181,"Ireland","cf",3066.1,2005
181,"Ireland","cf",6346.6,2006
181,"Ireland","cf",1823.8,2007
181,"Ireland","cf",2084.8,2008
181,"Ireland","cf",5520.8,2009
181,"Ireland","cf",1589,2010
181,"Ireland","cf",1589,2011
181,"Ireland","cf",1589,2012
182,"Spain","aq",8388,2005
182,"Spain","aq",8024,2006
182,"Spain","aq",0,2007
182,"Spain","aq",0,2008
182,"Spain","aq",0,2009
182,"Spain","aq",0,2010
182,"Spain","aq",0,2011
182,"Spain","aq",0,2012
182,"Spain","cf",35228.6,2005
182,"Spain","cf",33379.6,2006
182,"Spain","cf",0,2007
182,"Spain","cf",0,2008
182,"Spain","cf",0,2009
182,"Spain","cf",0,2010
182,"Spain","cf",0,2011
182,"Spain","cf",0,2012
183,"Portugal","cf",9042.5,2005
183,"Portugal","cf",8630.5,2006
183,"Portugal","cf",8510.5,2007
183,"Portugal","cf",8427,2008
183,"Portugal","cf",8707.5,2009
183,"Portugal","cf",8460,2010
183,"Portugal","cf",8024,2011
183,"Portugal","cf",8279.5,2012
184,"Italy","aq",3000,2005
184,"Italy","aq",3000,2006
184,"Italy","aq",0,2007
184,"Italy","aq",0,2008
184,"Italy","aq",1900,2009
184,"Italy","aq",1900,2010
184,"Italy","aq",1900,2011
184,"Italy","aq",0,2012
184,"Italy","cf",32174,2005
184,"Italy","cf",30351,2006
184,"Italy","cf",30214,2007
184,"Italy","cf",29349,2008
184,"Italy","cf",28967,2009
184,"Italy","cf",28982,2010
184,"Italy","cf",28724,2011
184,"Italy","cf",0,2012
186,"Montenegro","aq",38,2005
186,"Montenegro","aq",36,2006
186,"Montenegro","aq",0,2007
186,"Montenegro","aq",0,2008
186,"Montenegro","aq",0,2009
186,"Montenegro","aq",0,2010
186,"Montenegro","aq",0,2011
186,"Montenegro","aq",0,2012
186,"Montenegro","cf",130,2005
186,"Montenegro","cf",131.8,2006
186,"Montenegro","cf",16.8,2007
186,"Montenegro","cf",19.35,2008
186,"Montenegro","cf",17.85,2009
186,"Montenegro","cf",106.75,2010
186,"Montenegro","cf",237.25,2011
186,"Montenegro","cf",116.85,2012
187,"Croatia","aq",0,2005
187,"Croatia","aq",0,2006
187,"Croatia","aq",0,2007
187,"Croatia","aq",0,2008
187,"Croatia","aq",740,2009
187,"Croatia","aq",1170,2010
187,"Croatia","aq",2513.2,2011
187,"Croatia","aq",2617.6,2012
187,"Croatia","cf",5697,2005
187,"Croatia","cf",5697.5,2006
187,"Croatia","cf",5705,2007
187,"Croatia","cf",5712.5,2008
187,"Croatia","cf",5614.6,2009
187,"Croatia","cf",5614.6,2010
187,"Croatia","cf",8068.6,2011
187,"Croatia","cf",8032.4,2012
188,"Slovenia","aq",113.5,2005
188,"Slovenia","aq",104.5,2006
188,"Slovenia","aq",101,2007
188,"Slovenia","aq",0,2008
188,"Slovenia","aq",0,2009
188,"Slovenia","aq",0,2010
188,"Slovenia","aq",0,2011
188,"Slovenia","aq",0,2012
189,"Lithuania","aq",166.5,2005
189,"Lithuania","aq",440,2006
189,"Lithuania","aq",339.6,2007
189,"Lithuania","aq",340,2008
189,"Lithuania","aq",341,2009
189,"Lithuania","aq",334.7,2010
189,"Lithuania","aq",331.9,2011
189,"Lithuania","aq",0,2012
189,"Lithuania","cf",1316.15,2005
189,"Lithuania","cf",1252.35,2006
189,"Lithuania","cf",952.3,2007
189,"Lithuania","cf",0,2008
189,"Lithuania","cf",1047,2009
189,"Lithuania","cf",692.6,2010
189,"Lithuania","cf",533.2,2011
189,"Lithuania","cf",0,2012
190,"Qatar","cf",4616,2005
190,"Qatar","cf",2953,2006
190,"Qatar","cf",2864,2007
190,"Qatar","cf",2899,2008
190,"Qatar","cf",3313,2009
190,"Qatar","cf",3300,2010
190,"Qatar","cf",3641,2011
190,"Qatar","cf",3573,2012
191,"Iran (Islamic Rep. of)","aq",14898,2005
191,"Iran (Islamic Rep. of)","aq",16330,2006
191,"Iran (Islamic Rep. of)","aq",19483,2007
191,"Iran (Islamic Rep. of)","aq",27229,2008
191,"Iran (Islamic Rep. of)","aq",31003,2009
191,"Iran (Islamic Rep. of)","aq",35907,2010
191,"Iran (Islamic Rep. of)","aq",40303,2011
191,"Iran (Islamic Rep. of)","aq",52761,2012
191,"Iran (Islamic Rep. of)","cf",132628,2005
191,"Iran (Islamic Rep. of)","cf",133494,2006
191,"Iran (Islamic Rep. of)","cf",129188,2007
191,"Iran (Islamic Rep. of)","cf",129323,2008
191,"Iran (Islamic Rep. of)","cf",131234,2009
191,"Iran (Islamic Rep. of)","cf",130942,2010
191,"Iran (Islamic Rep. of)","cf",131167,2011
191,"Iran (Islamic Rep. of)","cf",143773,2012
192,"Iraq","cf",3751,2005
192,"Iraq","cf",3267,2006
192,"Iraq","cf",1031,2007
192,"Iraq","cf",2300,2008
192,"Iraq","cf",4297,2009
192,"Iraq","cf",2000,2010
192,"Iraq","cf",1189,2011
192,"Iraq","cf",1400,2012
197,"Cameroon","cf",0,2005
197,"Cameroon","cf",0,2006
197,"Cameroon","cf",0,2007
197,"Cameroon","cf",0,2008
197,"Cameroon","cf",12665,2009
197,"Cameroon","cf",0,2010
197,"Cameroon","cf",0,2011
197,"Cameroon","cf",0,2012
198,"Gabon","cf",4841.55,2005
198,"Gabon","cf",3846.95,2006
198,"Gabon","cf",2814.85,2007
198,"Gabon","cf",0,2008
198,"Gabon","cf",0,2009
198,"Gabon","cf",0,2010
198,"Gabon","cf",0,2011
198,"Gabon","cf",0,2012
199,"Congo, Dem. Rep. of the","aq",0,2005
199,"Congo, Dem. Rep. of the","aq",0,2006
199,"Congo, Dem. Rep. of the","aq",0,2007
199,"Congo, Dem. Rep. of the","aq",14047,2008
199,"Congo, Dem. Rep. of the","aq",14050,2009
199,"Congo, Dem. Rep. of the","aq",14050,2010
199,"Congo, Dem. Rep. of the","aq",14050,2011
199,"Congo, Dem. Rep. of the","aq",0,2012
199,"Congo, Dem. Rep. of the","cf",4208.1,2005
199,"Congo, Dem. Rep. of the","cf",4163.45,2006
199,"Congo, Dem. Rep. of the","cf",0,2007
199,"Congo, Dem. Rep. of the","cf",0,2008
199,"Congo, Dem. Rep. of the","cf",0,2009
199,"Congo, Dem. Rep. of the","cf",0,2010
199,"Congo, Dem. Rep. of the","cf",0,2011
199,"Congo, Dem. Rep. of the","cf",0,2012
202,"Tanzania, United Rep. of","aq",0,2005
202,"Tanzania, United Rep. of","aq",3000,2006
202,"Tanzania, United Rep. of","aq",5423,2007
202,"Tanzania, United Rep. of","aq",5423,2008
202,"Tanzania, United Rep. of","aq",7000,2009
202,"Tanzania, United Rep. of","aq",8156,2010
202,"Tanzania, United Rep. of","aq",8156,2011
202,"Tanzania, United Rep. of","aq",0,2012
202,"Tanzania, United Rep. of","cf",29839,2005
202,"Tanzania, United Rep. of","cf",30871,2006
202,"Tanzania, United Rep. of","cf",38272,2007
202,"Tanzania, United Rep. of","cf",38272,2008
202,"Tanzania, United Rep. of","cf",36326,2009
202,"Tanzania, United Rep. of","cf",37821,2010
202,"Tanzania, United Rep. of","cf",36359,2011
202,"Tanzania, United Rep. of","cf",0,2012
203,"India","aq",2463004.15,2005
203,"India","aq",325748,2006
203,"India","aq",1067316.7,2007
203,"India","aq",396603.2,2008
203,"India","aq",1024369.65,2009
203,"India","aq",2042789.85,2010
203,"India","aq",2149835.8,2011
203,"India","aq",1942368.85,2012
203,"India","cf",474543.9,2005
203,"India","cf",603393.6,2006
203,"India","cf",524616.35,2007
203,"India","cf",532485.9,2008
203,"India","cf",475117.3,2009
203,"India","cf",1269240.8,2010
203,"India","cf",1374652.1,2011
203,"India","cf",1549736.6,2012
204,"Bangladesh","aq",1956500,2005
204,"Bangladesh","aq",2075960,2006
204,"Bangladesh","aq",2075960,2007
204,"Bangladesh","aq",2075960,2008
204,"Bangladesh","aq",2075960,2009
204,"Bangladesh","aq",2075960,2010
204,"Bangladesh","aq",2075960,2011
204,"Bangladesh","aq",2075960,2012
204,"Bangladesh","cf",42483.55,2005
204,"Bangladesh","cf",42483.55,2006
204,"Bangladesh","cf",42483.55,2007
204,"Bangladesh","cf",42483.55,2008
204,"Bangladesh","cf",42483.55,2009
204,"Bangladesh","cf",221537.35,2010
204,"Bangladesh","cf",221537.35,2011
204,"Bangladesh","cf",221537.35,2012
205,"Myanmar","aq",0,2005
205,"Myanmar","aq",0,2006
205,"Myanmar","aq",0,2007
205,"Myanmar","aq",180484.2,2008
205,"Myanmar","aq",175557.2,2009
205,"Myanmar","aq",176098.6,2010
205,"Myanmar","aq",176331.4,2011
205,"Myanmar","aq",178567.4,2012
205,"Myanmar","cf",474440,2005
205,"Myanmar","cf",0,2006
205,"Myanmar","cf",503210,2007
205,"Myanmar","cf",539770,2008
205,"Myanmar","cf",551500,2009
205,"Myanmar","cf",506680,2010
205,"Myanmar","cf",508000,2011
205,"Myanmar","cf",513550,2012
206,"Malaysia","aq",0,2005
206,"Malaysia","aq",20100,2006
206,"Malaysia","aq",21287,2007
206,"Malaysia","aq",30634,2008
206,"Malaysia","aq",23986,2009
206,"Malaysia","aq",26291,2010
206,"Malaysia","aq",28599,2011
206,"Malaysia","aq",29494,2012
206,"Malaysia","cf",0,2005
206,"Malaysia","cf",97947,2006
206,"Malaysia","cf",99617,2007
206,"Malaysia","cf",109771,2008
206,"Malaysia","cf",125632,2009
206,"Malaysia","cf",129622,2010
206,"Malaysia","cf",134110,2011
206,"Malaysia","cf",136514,2012
207,"Viet Nam","cf",745500,2005
207,"Viet Nam","cf",1387691.1,2006
207,"Viet Nam","cf",836400,2007
207,"Viet Nam","cf",871100,2008
207,"Viet Nam","cf",883250,2009
207,"Viet Nam","cf",0,2010
207,"Viet Nam","cf",0,2011
207,"Viet Nam","cf",0,2012
208,"Singapore","aq",165,2005
208,"Singapore","aq",219.2,2006
208,"Singapore","aq",273.4,2007
208,"Singapore","aq",288.6,2008
208,"Singapore","aq",384.2,2009
208,"Singapore","aq",407.2,2010
208,"Singapore","aq",407.2,2011
208,"Singapore","aq",540.6,2012
208,"Singapore","cf",112,2005
208,"Singapore","cf",122,2006
208,"Singapore","cf",102,2007
208,"Singapore","cf",83,2008
208,"Singapore","cf",45,2009
208,"Singapore","cf",66,2010
208,"Singapore","cf",60,2011
208,"Singapore","cf",66,2012
209,"China","aq",4515200.5,2005
209,"China","aq",4504367.5,2006
209,"China","aq",4916528,2007
209,"China","aq",5041054.5,2008
209,"China","aq",4962334,2009
209,"China","aq",4980591,2010
209,"China","aq",5291659,2011
209,"China","aq",1657,2012
209,"China","cf",1782699.5,2005
209,"China","cf",1755110.5,2006
209,"China","cf",1578172.6,2007
209,"China","cf",1614698.25,2008
209,"China","cf",1614554.7,2009
209,"China","cf",1595897,2010
209,"China","cf",1633665.95,2011
209,"China","cf",7475,2012
210,"Japan","aq",0,2005
210,"Japan","aq",0,2006
210,"Japan","aq",0,2007
210,"Japan","aq",37451,2008
210,"Japan","aq",0,2009
210,"Japan","aq",0,2010
210,"Japan","aq",0,2011
210,"Japan","aq",0,2012
210,"Japan","cf",111080,2005
210,"Japan","cf",106235,2006
210,"Japan","cf",102165,2007
210,"Japan","cf",92228.5,2008
210,"Japan","cf",105905,2009
210,"Japan","cf",101440,2010
210,"Japan","cf",88935,2011
210,"Japan","cf",0,2012
212,"Kiribati","cf",3664,2005
212,"Kiribati","cf",3054,2006
212,"Kiribati","cf",2282,2007
212,"Kiribati","cf",1981.7,2008
212,"Kiribati","cf",1951,2009
212,"Kiribati","cf",350,2010
212,"Kiribati","cf",0,2011
212,"Kiribati","cf",2032,2012
215,"Jordan","aq",49,2005
215,"Jordan","aq",52.2,2006
215,"Jordan","aq",54,2007
215,"Jordan","aq",57.8,2008
215,"Jordan","aq",57.8,2009
215,"Jordan","aq",60.8,2010
215,"Jordan","aq",62.2,2011
215,"Jordan","aq",0,2012
215,"Jordan","cf",99,2005
215,"Jordan","cf",97.5,2006
215,"Jordan","cf",97.5,2007
215,"Jordan","cf",94.65,2008
215,"Jordan","cf",94.65,2009
215,"Jordan","cf",79.25,2010
215,"Jordan","cf",84.8,2011
215,"Jordan","cf",0,2012
216,"Indonesia","aq",1253307,2005
216,"Indonesia","aq",1137653.5,2006
216,"Indonesia","aq",1178531.5,2007
216,"Indonesia","aq",1293231,2008
216,"Indonesia","aq",1246596.5,2009
216,"Indonesia","aq",1675724,2010
216,"Indonesia","aq",1671967,2011
216,"Indonesia","aq",0,2012
216,"Indonesia","cf",1574368.9,2005
216,"Indonesia","cf",1711741.55,2006
216,"Indonesia","cf",1628139.15,2007
216,"Indonesia","cf",1640461.9,2008
216,"Indonesia","cf",1600586.15,2009
216,"Indonesia","cf",1593692.45,2010
216,"Indonesia","cf",1606806.1,2011
216,"Indonesia","cf",1769847.25,2012
218,"Canada","aq",1960,2005
218,"Canada","aq",2052.5,2006
218,"Canada","aq",1775,2007
218,"Canada","aq",1717.5,2008
218,"Canada","aq",1792,2009
218,"Canada","aq",0,2010
218,"Canada","aq",0,2011
218,"Canada","aq",0,2012
218,"Canada","cf",23696.5,2005
218,"Canada","cf",23346,2006
218,"Canada","cf",24246.5,2007
218,"Canada","cf",23535.5,2008
218,"Canada","cf",22928.5,2009
218,"Canada","cf",0,2010
218,"Canada","cf",0,2011
218,"Canada","cf",0,2012
222,"Sweden","aq",250.5,2005
222,"Sweden","aq",0,2006
222,"Sweden","aq",0,2007
222,"Sweden","aq",0,2008
222,"Sweden","aq",0,2009
222,"Sweden","aq",0,2010
222,"Sweden","aq",0,2011
222,"Sweden","aq",0,2012
222,"Sweden","cf",856,2005
222,"Sweden","cf",845.5,2006
222,"Sweden","cf",836.5,2007
222,"Sweden","cf",799.5,2008
222,"Sweden","cf",750,2009
222,"Sweden","cf",728.5,2010
222,"Sweden","cf",743.5,2011
222,"Sweden","cf",729,2012
223,"Norway","aq",3932,2005
223,"Norway","aq",4215.4,2006
223,"Norway","aq",4376,2007
223,"Norway","aq",4472,2008
223,"Norway","aq",4619.6,2009
223,"Norway","aq",4967.8,2010
223,"Norway","aq",5177.4,2011
223,"Norway","aq",5169,2012
223,"Norway","cf",13380.8,2005
223,"Norway","cf",12569.8,2006
223,"Norway","cf",12147.2,2007
223,"Norway","cf",12370.8,2008
223,"Norway","cf",12123.4,2009
223,"Norway","cf",11925.8,2010
223,"Norway","cf",11748.8,2011
223,"Norway","cf",11160.6,2012
224,"Chile","aq",17840,2005
224,"Chile","aq",18425,2006
224,"Chile","aq",18899,2007
224,"Chile","aq",19171.55,2008
224,"Chile","aq",45673.4,2009
224,"Chile","aq",753,2010
224,"Chile","aq",1320.25,2011
224,"Chile","aq",945.65,2012
224,"Chile","cf",57013,2005
224,"Chile","cf",60539,2006
224,"Chile","cf",65596,2007
224,"Chile","cf",70767,2008
224,"Chile","cf",75861,2009
224,"Chile","cf",81157,2010
224,"Chile","cf",85268,2011
224,"Chile","cf",88893,2012
232,"Bosnia and Herzegovina","aq",0,2005
232,"Bosnia and Herzegovina","aq",0,2006
232,"Bosnia and Herzegovina","aq",0,2007
232,"Bosnia and Herzegovina","aq",0,2008
232,"Bosnia and Herzegovina","aq",0,2009
232,"Bosnia and Herzegovina","aq",0,2010
232,"Bosnia and Herzegovina","aq",392,2011
232,"Bosnia and Herzegovina","aq",407,2012
247,"Brunei Darussalam","aq",27,2005
247,"Brunei Darussalam","aq",28,2006
247,"Brunei Darussalam","aq",33,2007
247,"Brunei Darussalam","aq",28,2008
247,"Brunei Darussalam","aq",30,2009
247,"Brunei Darussalam","aq",30,2010
247,"Brunei Darussalam","aq",30,2011
247,"Brunei Darussalam","aq",0,2012
247,"Brunei Darussalam","cf",229,2005
247,"Brunei Darussalam","cf",252,2006
247,"Brunei Darussalam","cf",275,2007
247,"Brunei Darussalam","cf",384,2008
247,"Brunei Darussalam","cf",402,2009
247,"Brunei Darussalam","cf",341,2010
247,"Brunei Darussalam","cf",340,2011
247,"Brunei Darussalam","cf",0,2012
250,"Aruba","aq",10,2005
250,"Aruba","aq",10,2006
250,"Aruba","aq",1,2007
250,"Aruba","aq",1,2008
250,"Aruba","aq",3,2009
250,"Aruba","aq",3,2010
250,"Aruba","aq",2,2011
250,"Aruba","aq",0,2012
250,"Aruba","cf",208.5,2005
250,"Aruba","cf",208.5,2006
250,"Aruba","cf",214,2007
250,"Aruba","cf",221,2008
250,"Aruba","cf",236,2009
250,"Aruba","cf",246.2,2010
250,"Aruba","cf",256.4,2011
250,"Aruba","cf",344.2,2012
